5b72d7624b30342748da8f6d;[00000000000000000000000f];person;Firefox|K.|female|Sen|61.247.235.24
5b72d7624b30342748da8f77;[00000000000000000000000f];person;Chrome|Anson|female|Chen|1.83.28.23
5b72d7624b30342748da8f7b;[00000000000000000000000f];person;Safari|John|male|Kumar|27.116.33.147
5b72d7624b30342748da8f7f;[00000000000000000000000f];person;Firefox|Alec|female|Lin|114.198.185.178
5b72d7624b30342748da8f82;[00000000000000000000000f];person;Internet Explorer|Adrian|female|Bravo|189.217.209.55
5b72d7624b30342748da8f86;[00000000000000000000000f];person;Chrome|Karl|female|Fischer|204.79.148.85
5b72d7624b30342748da8f89;[00000000000000000000000f];person;Chrome|John|male|Reddy|61.16.136.118
5b72d7624b30342748da8f8e;[00000000000000000000000f];person;Firefox|Babar|female|Khan|101.50.94.220
5b72d7624b30342748da8f91;[00000000000000000000000f];person;Chrome|Gayatri|male|Reddy|49.33.127.55
5b72d7624b30342748da8f94;[00000000000000000000000f];person;Firefox|Hossein|male|Forouhar|77.245.239.11
5b72d7624b30342748da8f97;[00000000000000000000000f];person;Internet Explorer|Alexei|female|Kahnovich|31.192.109.124
5b72d7624b30342748da8f9a;[00000000000000000000000f];person;Internet Explorer|Alfonso|female|Rodriguez|192.100.158.95
5b72d7624b30342748da8f9f;[00000000000000000000000f];person;Chrome|Celso|male|Oliveira|192.190.31.253
5b72d7624b30342748da8fa1;[00000000000000000000000f];person;Firefox|Alejandro|male|Garcia|189.202.102.202
5b72d7624b30342748da8fa5;[00000000000000000000000f];person;Internet Explorer|Hao|male|Li|14.103.173.183
5b72d7624b30342748da8fa8;[00000000000000000000000f];person;Internet Explorer|Aleksandr|male|Efimkin|31.185.10.92
5b72d7624b30342748da8fab;[00000000000000000000000f];person;Internet Explorer|Yahya Ould Ahmed El|male|Abdallahi|41.188.97.221
5b72d7624b30342748da8fae;[00000000000000000000000f];person;Internet Explorer|Tamas|male|Gabor|81.93.203.7
5b72d7624b30342748da8fb2;[00000000000000000000000f];person;Chrome|Akira|female|Yamamoto|14.192.50.165
5b72d7624b30342748da8fb9;[00000000000000000000000f];person;Firefox|Cam|female|Loan|101.96.12.162
5b72d7624b30342748da8fbd;[00000000000000000000000f];person;Chrome|Deepak|male|Khan|49.12.225.25
5b72d7624b30342748da8fc1;[00000000000000000000000f];person;Firefox|Abdoulaye Khouma|male|Dia|196.1.98.62
5b72d7624b30342748da8fc7;[00000000000000000000000f];person;Firefox|Arjun|female|Singh|59.162.122.243
5b72d7624b30342748da8fcc;[00000000000000000000000f];person;Internet Explorer|Wei|female|Wei|27.112.88.106
5b72d7624b30342748da8fd5;[00000000000000000000000f];person;Chrome|Alexei|male|Codreanu|188.138.180.33
5b72d7624b30342748da8fda;[00000000000000000000000f];person;Chrome|Alejandro|male|Rodriguez|148.235.131.43
5b72d7624b30342748da8fe4;[00000000000000000000000f];person;Firefox|Jimmy|female|Burak|197.220.203.36
5b72d7624b30342748da8fed;[00000000000000000000000f];person;Firefox|Lei|male|Zhang|1.2.2.77
5b72d7624b30342748da8ff2;[00000000000000000000000f];person;Safari|Tissa|male|Perera|103.1.176.97
5b72d7624b30342748da8ff8;[00000000000000000000000f];person;Chrome|Rahul|female|Khan|27.116.34.47
5b72d7624b30342748da8ffc;[00000000000000000000000f];person;Chrome|Chong|male|Zhang|1.4.40.92
5b72d7624b30342748da9001;[00000000000000000000000f];person;Firefox|Neil|female|Murray|41.74.150.41
5b72d7624b30342748da900f;[00000000000000000000000f];person;Internet Explorer|A.|female|Sen|61.0.61.179
5b72d7624b30342748da9013;[00000000000000000000000f];person;Internet Explorer|Evangelos|male|Alkaios|91.223.132.248
5b72d7624b30342748da9019;[00000000000000000000000f];person;Chrome|Abdul Haris|female|Tobing|58.145.168.54
5b72d7624b30342748da901e;[00000000000000000000000f];person;Internet Explorer|John|male|Khan|27.4.90.237
5b72d7624b30342748da9023;[00000000000000000000000f];person;Internet Explorer|Naresh|male|Singh|103.1.6.79
5b72d7624b30342748da9029;[00000000000000000000000f];person;Internet Explorer|Wojciech|male|Ciesla|31.182.127.125
5b72d7624b30342748da902d;[00000000000000000000000f];person;Firefox|Otto|male|Redl|31.131.151.129
5b72d7624b30342748da9037;[00000000000000000000000f];person;Safari|Ashok|male|Singh|49.206.89.61
5b72d7624b30342748da903b;[00000000000000000000000f];person;Firefox|Francisco|female|Reyes|123.242.207.8
5b72d7624b30342748da903f;[00000000000000000000000f];person;Internet Explorer|Cheng|male|Chen|27.115.85.233
5b72d7624b30342748da9046;[00000000000000000000000f];person;Chrome|Masahiro|male|Sato|27.100.28.190
5b72d7624b30342748da9049;[00000000000000000000000f];person;Firefox|Eric|male|Mettacara|203.215.63.48
5b72d7624b30342748da904f;[00000000000000000000000f];person;Firefox|Hans|female|Johansson|31.209.179.5
5b72d7624b30342748da9054;[00000000000000000000000f];person;Opera|Paul|female|Becker|46.18.61.189
5b72d7624b30342748da9059;[00000000000000000000000f];person;Chrome|Miguel|male|Gonzalez|148.204.226.31
5b72d7624b30342748da905e;[00000000000000000000000f];person;Firefox|Alim|female|Guliyev|91.191.192.127
5b72d7624b30342748da9062;[00000000000000000000000f];person;Chrome|Jan|female|Zakrzewski|31.41.169.140
5b72d7624b30342748da906c;[00000000000000000000000f];person;Firefox|Mehmet|female|Koksal|46.154.44.101
5b72d7624b30342748da907c;[00000000000000000000000f];person;Internet Explorer|Djelaludin|male|Zaland|180.222.139.188
5b72d7624b30342748da9080;[00000000000000000000000f];person;Firefox|Jose|male|Pereira|193.136.95.244
5b72d7624b30342748da9084;[00000000000000000000000f];person;Firefox|Ali|female|Achiou|196.29.42.107
5b72d7624b30342748da909f;[00000000000000000000000f];person;Internet Explorer|Ali|male|Abouba|41.203.147.168
5b72d7624b30342748da90a8;[00000000000000000000000f];person;Chrome|Oleg|female|Bazayev|85.159.30.82
5b72d7624b30342748da90ad;[00000000000000000000000f];person;Internet Explorer|Joakim|female|Larsson|31.209.42.207
5b72d7624b30342748da90b0;[00000000000000000000000f];person;Firefox|Jie|male|Yang|27.98.220.136
5b72d7624b30342748da90b6;[00000000000000000000000f];person;Chrome|Jae-Jin|male|Park|27.35.111.48
5b72d7624b30342748da90b9;[00000000000000000000000f];person;Internet Explorer|Jose|female|Alonso|196.1.135.241
5b72d7624b30342748da90bc;[00000000000000000000000f];person;Internet Explorer|Albaye Papa|female|Diouf|196.1.99.249
5b72d7624b30342748da90bf;[00000000000000000000000f];person;Firefox|Abdul Jamil|female|Qureshi|202.154.231.163
5b72d7624b30342748da90c4;[00000000000000000000000f];person;Firefox|Anatoly|female|Shevchenko|46.149.107.101
5b72d7624b30342748da90c7;[00000000000000000000000f];person;Firefox|Roberto|female|Diaz|186.64.7.5
5b72d7624b30342748da90d9;[00000000000000000000000f];person;Firefox|Rahul|female|Sharma|49.213.50.238
5b72d7624b30342748da90de;[00000000000000000000000f];person;Internet Explorer|Ken|male|Yamada|27.122.45.252
5b72d7624b30342748da90e2;[00000000000000000000000f];person;Firefox|Fritz|female|Engel|46.17.104.27
5b72d7624b30342748da90e6;[00000000000000000000000f];person;Opera|Jorge|female|Araujo Castro|190.84.38.194
5b72d7624b30342748da90f6;[00000000000000000000000f];person;Chrome|Amy|female|Chen|117.53.155.216
5b72d7624b30342748da9101;[00000000000000000000000f];person;Internet Explorer|Bryn|male|Davies|31.170.121.115
5b72d7624b30342748da9107;[00000000000000000000000f];person;Chrome|Jun|female|Li|1.29.220.142
5b72d7624b30342748da910b;[00000000000000000000000f];person;Firefox|Otto|male|Richter|31.24.100.159
5b72d7624b30342748da910f;[00000000000000000000000f];person;Firefox|Pablo|female|Bernal|186.0.155.248
