5b72d7624b30342748da81fe;[00000000000000000000000f];forum;Album 8 of Hans Johansson
5b72d7624b30342748da81ff;[00000000000000000000000f];forum;Album 20 of Hans Johansson
5b72d7624b30342748da8201;[00000000000000000000000f];forum;Album 19 of Alexei Feltsman
5b72d7624b30342748da8203;[00000000000000000000000f];forum;Album 21 of Yahya Ould Ahmed El Abdallahi
5b72d7624b30342748da8226;[00000000000000000000000f];forum;Album 9 of Amy Chen
5b72d7624b30342748da8229;[00000000000000000000000f];forum;Album 13 of Eric Mettacara
5b72d7624b30342748da822a;[00000000000000000000000f];forum;Album 29 of K. Sen
5b72d7624b30342748da822d;[00000000000000000000000f];forum;Album 11 of Djelaludin Zaland
5b72d7624b30342748da822f;[00000000000000000000000f];forum;Album 20 of Djelaludin Zaland
5b72d7624b30342748da8231;[00000000000000000000000f];forum;Album 3 of Rahul Khan
5b72d7624b30342748da8232;[00000000000000000000000f];forum;Wall of John Johnson
5b72d7624b30342748da8234;[00000000000000000000000f];forum;Group for Andy_Ram in Krak√≥w
5b72d7624b30342748da8236;[00000000000000000000000f];forum;Album 11 of Ali Abouba
5b72d7624b30342748da8238;[00000000000000000000000f];forum;Album 10 of Rahul Khan
5b72d7624b30342748da823a;[00000000000000000000000f];forum;Wall of John Khan
5b72d7624b30342748da823c;[00000000000000000000000f];forum;Album 0 of Luis Alonso
5b72d7624b30342748da823e;[00000000000000000000000f];forum;Album 4 of Alexei Codreanu
5b72d7624b30342748da8240;[00000000000000000000000f];forum;Album 9 of Tamas Gabor
5b72d7624b30342748da8241;[00000000000000000000000f];forum;Album 5 of Ali Abouba
5b72d7624b30342748da8244;[00000000000000000000000f];forum;Album 9 of Ali Abouba
5b72d7624b30342748da8245;[00000000000000000000000f];forum;Album 5 of Lei Zhang
5b72d7624b30342748da8247;[00000000000000000000000f];forum;Album 0 of Jimmy Burak
5b72d7624b30342748da8249;[00000000000000000000000f];forum;Album 3 of Luis Alonso
5b72d7624b30342748da824b;[00000000000000000000000f];forum;Album 7 of Jorge Araujo Castro
5b72d7624b30342748da824d;[00000000000000000000000f];forum;Album 20 of Jorge Araujo Castro
5b72d7624b30342748da824f;[00000000000000000000000f];forum;Album 8 of Jae-Jin Park
5b72d7624b30342748da8250;[00000000000000000000000f];forum;Album 23 of Anson Chen
5b72d7624b30342748da8252;[00000000000000000000000f];forum;Album 9 of Yahya Ould Ahmed El Abdallahi
5b72d7624b30342748da8254;[00000000000000000000000f];forum;Album 16 of Wolfgang Bauer
5b72d7624b30342748da8256;[00000000000000000000000f];forum;Album 22 of Jorge Araujo Castro
5b72d7624b30342748da8258;[00000000000000000000000f];forum;Album 29 of Anson Chen
5b72d7624b30342748da825b;[00000000000000000000000f];forum;Album 16 of Alejandro Rodriguez
5b72d7624b30342748da825d;[00000000000000000000000f];forum;Album 20 of Alexei Feltsman
5b72d7624b30342748da825e;[00000000000000000000000f];forum;Album 20 of Baby Yang
5b72d7624b30342748da8260;[00000000000000000000000f];forum;Album 4 of Alim Guliyev
5b72d7624b30342748da8262;[00000000000000000000000f];forum;Album 13 of Alim Guliyev
5b72d7624b30342748da8264;[00000000000000000000000f];forum;Album 5 of Jimmy Burak
5b72d7624b30342748da8266;[00000000000000000000000f];forum;Album 26 of Luis Alonso
5b72d7624b30342748da8268;[00000000000000000000000f];forum;Album 4 of Jun Li
5b72d7624b30342748da826a;[00000000000000000000000f];forum;Album 0 of Adrian Bravo
5b72d7624b30342748da826c;[00000000000000000000000f];forum;Album 27 of Marc Ravalomanana
5b72d7624b30342748da826e;[00000000000000000000000f];forum;Wall of Arjun Singh
5b72d7624b30342748da8270;[00000000000000000000000f];forum;Album 8 of Aleksandr Efimkin
5b72d7624b30342748da8272;[00000000000000000000000f];forum;Album 28 of Ken Yamada
5b72d7624b30342748da8273;[00000000000000000000000f];forum;Album 4 of Wolfgang Bauer
5b72d7624b30342748da8275;[00000000000000000000000f];forum;Album 7 of Wolfgang Bauer
5b72d7624b30342748da8278;[00000000000000000000000f];forum;Album 4 of Chen Zhu
5b72d7624b30342748da8279;[00000000000000000000000f];forum;Album 5 of Chen Zhu
5b72d7624b30342748da827b;[00000000000000000000000f];forum;Album 18 of Jorge Araujo Castro
5b72d7624b30342748da827d;[00000000000000000000000f];forum;Album 7 of Anson Chen
5b72d7624b30342748da8280;[00000000000000000000000f];forum;Album 25 of Anson Chen
5b72d7624b30342748da8282;[00000000000000000000000f];forum;Album 11 of Alejandro Rodriguez
5b72d7624b30342748da8284;[00000000000000000000000f];forum;Wall of Anatoly Shevchenko
5b72d7624b30342748da8286;[00000000000000000000000f];forum;Album 0 of Lei Zhang
5b72d7624b30342748da8288;[00000000000000000000000f];forum;Album 2 of Djelaludin Zaland
5b72d7624b30342748da828a;[00000000000000000000000f];forum;Album 14 of Djelaludin Zaland
5b72d7624b30342748da828c;[00000000000000000000000f];forum;Album 1 of Rahul Khan
5b72d7624b30342748da828e;[00000000000000000000000f];forum;Album 1 of Wolfgang Bauer
5b72d7624b30342748da8290;[00000000000000000000000f];forum;Album 9 of Wolfgang Bauer
5b72d7624b30342748da8293;[00000000000000000000000f];forum;Album 12 of Wolfgang Bauer
5b72d7624b30342748da8295;[00000000000000000000000f];forum;Wall of Otto Redl
5b72d7624b30342748da8297;[00000000000000000000000f];forum;Album 8 of Alfonso Rodriguez
5b72d7624b30342748da8299;[00000000000000000000000f];forum;Album 2 of Anatoly Shevchenko
5b72d7624b30342748da829c;[00000000000000000000000f];forum;Album 24 of Adje van den Berg Vries
5b72d7624b30342748da829e;[00000000000000000000000f];forum;Album 12 of Gayatri Reddy
5b72d7624b30342748da82a0;[00000000000000000000000f];forum;Album 12 of Ken Yamada
5b72d7624b30342748da82a2;[00000000000000000000000f];forum;Album 0 of K. Sen
5b72d7624b30342748da82a4;[00000000000000000000000f];forum;Album 16 of Lei Zhang
5b72d7624b30342748da82a7;[00000000000000000000000f];forum;Album 8 of Luis Alonso
5b72d7624b30342748da82a9;[00000000000000000000000f];forum;Album 26 of John Kumar
5b72d7624b30342748da82ab;[00000000000000000000000f];forum;Album 5 of Adrian Bravo
5b72d7624b30342748da82ad;[00000000000000000000000f];forum;Album 16 of Adrian Bravo
5b72d7624b30342748da82b0;[00000000000000000000000f];forum;Album 28 of Jorge Araujo Castro
5b72d7624b30342748da82b3;[00000000000000000000000f];forum;Wall of A. Sen
5b72d7624b30342748da82b5;[00000000000000000000000f];forum;Album 13 of Lei Zhang
5b72d7624b30342748da82b8;[00000000000000000000000f];forum;Album 3 of Hans Johansson
5b72d7624b30342748da82bb;[00000000000000000000000f];forum;Album 17 of Alexei Feltsman
5b72d7624b30342748da82bd;[00000000000000000000000f];forum;Album 11 of Abdoulaye Khouma Dia
5b72d7624b30342748da82bf;[00000000000000000000000f];forum;Album 27 of Aleksandr Efimkin
5b72d7624b30342748da82c1;[00000000000000000000000f];forum;Album 6 of Djelaludin Zaland
5b72d7624b30342748da82c3;[00000000000000000000000f];forum;Album 9 of Rahul Khan
5b72d7624b30342748da82c6;[00000000000000000000000f];forum;Album 11 of Luis Alonso
5b72d7624b30342748da82c8;[00000000000000000000000f];forum;Album 3 of John Kumar
5b72d7624b30342748da82ca;[00000000000000000000000f];forum;Album 9 of Chen Zhu
5b72d7624b30342748da82cc;[00000000000000000000000f];forum;Album 6 of Jorge Araujo Castro
5b72d7624b30342748da82cf;[00000000000000000000000f];forum;Album 7 of Alejandro Rodriguez
5b72d7624b30342748da82d1;[00000000000000000000000f];forum;Album 1 of Alexei Feltsman
5b72d7624b30342748da82d3;[00000000000000000000000f];forum;Album 22 of Alexei Feltsman
5b72d7624b30342748da82d5;[00000000000000000000000f];forum;Album 3 of Anatoly Shevchenko
5b72d7624b30342748da82d7;[00000000000000000000000f];forum;Album 10 of Baby Yang
5b72d7624b30342748da82d9;[00000000000000000000000f];forum;Album 4 of Tamas Gabor
5b72d7624b30342748da82da;[00000000000000000000000f];forum;Album 25 of Wolfgang Bauer
5b72d7624b30342748da82db;[00000000000000000000000f];forum;Album 2 of Chen Zhu
5b72d7624b30342748da82dc;[00000000000000000000000f];forum;Album 26 of Anson Chen
5b72d7624b30342748da82dd;[00000000000000000000000f];forum;Album 3 of Alfonso Rodriguez
5b72d7624b30342748da82de;[00000000000000000000000f];forum;Album 21 of Alexei Feltsman
5b72d7624b30342748da82df;[00000000000000000000000f];forum;Album 2 of Marc Ravalomanana
5b72d7624b30342748da82e0;[00000000000000000000000f];forum;Album 16 of Amy Chen
5b72d7624b30342748da82e1;[00000000000000000000000f];forum;Album 4 of Albaye Papa Diouf
5b72d7624b30342748da82e2;[00000000000000000000000f];forum;Album 13 of Gayatri Reddy
5b72d7624b30342748da82e3;[00000000000000000000000f];forum;Album 2 of Ayesha Ahmed
5b72d7624b30342748da82e4;[00000000000000000000000f];forum;Album 7 of Rahul Khan
5b72d7624b30342748da82e5;[00000000000000000000000f];forum;Album 5 of Jun Li
5b72d7624b30342748da82e6;[00000000000000000000000f];forum;Album 11 of Chen Zhu
5b72d7624b30342748da82e7;[00000000000000000000000f];forum;Album 19 of Hans Johansson
5b72d7624b30342748da82e8;[00000000000000000000000f];forum;Album 1 of Alfonso Rodriguez
5b72d7624b30342748da82e9;[00000000000000000000000f];forum;Wall of Marc Ravalomanana
5b72d7624b30342748da82ea;[00000000000000000000000f];forum;Wall of K. Sen
5b72d7624b30342748da82eb;[00000000000000000000000f];forum;Album 25 of K. Sen
5b72d7624b30342748da82ec;[00000000000000000000000f];forum;Album 10 of K. Sen
5b72d7624b30342748da82ed;[00000000000000000000000f];forum;Album 4 of Anson Chen
5b72d7624b30342748da82ee;[00000000000000000000000f];forum;Album 19 of K. Sen
5b72d7624b30342748da82ef;[00000000000000000000000f];forum;Album 20 of K. Sen
5b72d7624b30342748da82f0;[00000000000000000000000f];forum;Album 17 of Anson Chen
5b72d7624b30342748da82f1;[00000000000000000000000f];forum;Wall of Hao Li
5b72d7624b30342748da82f2;[00000000000000000000000f];forum;Album 32 of Baby Yang
5b72d7624b30342748da82f3;[00000000000000000000000f];forum;Album 20 of Jae-Jin Park
5b72d7624b30342748da82f4;[00000000000000000000000f];forum;Wall of Masahiro Sato
5b72d7624b30342748da82f5;[00000000000000000000000f];forum;Wall of Wolfgang Bauer
5b72d7624b30342748da82f6;[00000000000000000000000f];forum;Album 2 of Wolfgang Bauer
5b72d7624b30342748da82f7;[00000000000000000000000f];forum;Album 13 of Baby Yang
5b72d7624b30342748da82f8;[00000000000000000000000f];forum;Wall of Rahul Sharma
5b72d7624b30342748da82f9;[00000000000000000000000f];forum;Wall of Mehmet Koksal
5b72d7624b30342748da82fa;[00000000000000000000000f];forum;Wall of Adrian Bravo
5b72d7624b30342748da82fb;[00000000000000000000000f];forum;Album 15 of Anson Chen
5b72d7624b30342748da82fc;[00000000000000000000000f];forum;Wall of Cheng Chen
5b72d7624b30342748da82fd;[00000000000000000000000f];forum;Album 17 of Adje van den Berg Vries
5b72d7624b30342748da82fe;[00000000000000000000000f];forum;Album 25 of John Kumar
5b72d7624b30342748da82ff;[00000000000000000000000f];forum;Album 32 of Marc Ravalomanana
5b72d7624b30342748da8300;[00000000000000000000000f];forum;Wall of Alexei Codreanu
5b72d7624b30342748da8301;[00000000000000000000000f];forum;Album 10 of Ken Yamada
5b72d7624b30342748da8302;[00000000000000000000000f];forum;Album 34 of K. Sen
5b72d7624b30342748da8303;[00000000000000000000000f];forum;Album 35 of K. Sen
5b72d7624b30342748da8304;[00000000000000000000000f];forum;Album 10 of Wolfgang Bauer
5b72d7624b30342748da8305;[00000000000000000000000f];forum;Album 9 of Jorge Araujo Castro
5b72d7624b30342748da8306;[00000000000000000000000f];forum;Album 14 of Alexei Codreanu
5b72d7624b30342748da8307;[00000000000000000000000f];forum;Album 6 of John Kumar
5b72d7624b30342748da8308;[00000000000000000000000f];forum;Wall of Alejandro Rodriguez
5b72d7624b30342748da8309;[00000000000000000000000f];forum;Wall of Hans Johansson
5b72d7624b30342748da830a;[00000000000000000000000f];forum;Album 3 of Aleksandr Efimkin
5b72d7624b30342748da830b;[00000000000000000000000f];forum;Album 11 of Aleksandr Efimkin
5b72d7624b30342748da830c;[00000000000000000000000f];forum;Album 3 of Ken Yamada
5b72d7624b30342748da830d;[00000000000000000000000f];forum;Wall of Jimmy Burak
5b72d7624b30342748da830e;[00000000000000000000000f];forum;Album 5 of Luis Alonso
5b72d7624b30342748da830f;[00000000000000000000000f];forum;Album 7 of Adrian Bravo
5b72d7624b30342748da8310;[00000000000000000000000f];forum;Album 29 of Marc Ravalomanana
5b72d7624b30342748da8311;[00000000000000000000000f];forum;Album 0 of Djelaludin Zaland
5b72d7624b30342748da8312;[00000000000000000000000f];forum;Album 3 of Djelaludin Zaland
5b72d7624b30342748da8313;[00000000000000000000000f];forum;Album 4 of Luis Alonso
5b72d7624b30342748da8314;[00000000000000000000000f];forum;Album 21 of Luis Alonso
5b72d7624b30342748da8315;[00000000000000000000000f];forum;Album 2 of Alejandro Rodriguez
5b72d7624b30342748da8316;[00000000000000000000000f];forum;Album 15 of Ken Yamada
5b72d7624b30342748da8317;[00000000000000000000000f];forum;Album 20 of Jimmy Burak
5b72d7624b30342748da8318;[00000000000000000000000f];forum;Album 27 of Adrian Bravo
5b72d7624b30342748da8319;[00000000000000000000000f];forum;Album 18 of Hans Johansson
5b72d7624b30342748da831a;[00000000000000000000000f];forum;Album 4 of Baby Yang
5b72d7624b30342748da831b;[00000000000000000000000f];forum;Album 25 of Baby Yang
5b72d7624b30342748da831c;[00000000000000000000000f];forum;Album 0 of Tamas Gabor
5b72d7624b30342748da831d;[00000000000000000000000f];forum;Album 6 of Tamas Gabor
5b72d7624b30342748da831e;[00000000000000000000000f];forum;Album 13 of Amy Chen
5b72d7624b30342748da831f;[00000000000000000000000f];forum;Album 19 of Amy Chen
5b72d7624b30342748da8320;[00000000000000000000000f];forum;Album 13 of Aleksandr Efimkin
5b72d7624b30342748da8321;[00000000000000000000000f];forum;Wall of Babar Khan
5b72d7624b30342748da8322;[00000000000000000000000f];forum;Wall of Akira Yamamoto
5b72d7624b30342748da8323;[00000000000000000000000f];forum;Album 16 of Djelaludin Zaland
5b72d7624b30342748da8324;[00000000000000000000000f];forum;Wall of Neil Murray
5b72d7624b30342748da8325;[00000000000000000000000f];forum;Album 7 of Luis Alonso
5b72d7624b30342748da8326;[00000000000000000000000f];forum;Album 23 of Yahya Ould Ahmed El Abdallahi
5b72d7624b30342748da8327;[00000000000000000000000f];forum;Wall of Deepak Khan
5b72d7624b30342748da8328;[00000000000000000000000f];forum;Album 17 of Ken Yamada
5b72d7624b30342748da8329;[00000000000000000000000f];forum;Album 12 of K. Sen
5b72d7624b30342748da832a;[00000000000000000000000f];forum;Album 17 of K. Sen
5b72d7624b30342748da832b;[00000000000000000000000f];forum;Album 2 of Alim Guliyev
5b72d7624b30342748da832c;[00000000000000000000000f];forum;Album 14 of Alim Guliyev
5b72d7624b30342748da832d;[00000000000000000000000f];forum;Album 12 of Djelaludin Zaland
5b72d7624b30342748da832e;[00000000000000000000000f];forum;Album 11 of Jimmy Burak
5b72d7624b30342748da832f;[00000000000000000000000f];forum;Wall of Cheng Wei
5b72d7624b30342748da8330;[00000000000000000000000f];forum;Album 23 of Luis Alonso
5b72d7624b30342748da8331;[00000000000000000000000f];forum;Album 11 of John Kumar
5b72d7624b30342748da8332;[00000000000000000000000f];forum;Album 30 of John Kumar
5b72d7624b30342748da8333;[00000000000000000000000f];forum;Album 12 of Adrian Bravo
5b72d7624b30342748da8334;[00000000000000000000000f];forum;Album 2 of Hans Johansson
5b72d7624b30342748da8335;[00000000000000000000000f];forum;Album 7 of Marc Ravalomanana
5b72d7624b30342748da8336;[00000000000000000000000f];forum;Album 13 of Adje van den Berg Vries
5b72d7624b30342748da8337;[00000000000000000000000f];forum;Wall of Abdoulaye Khouma Dia
5b72d7624b30342748da8338;[00000000000000000000000f];forum;Album 15 of Eric Mettacara
5b72d7624b30342748da8339;[00000000000000000000000f];forum;Album 0 of Jan Zakrzewski
5b72d7624b30342748da833a;[00000000000000000000000f];forum;Album 8 of Jan Zakrzewski
5b72d7624b30342748da833b;[00000000000000000000000f];forum;Album 9 of Jun Li
5b72d7624b30342748da833c;[00000000000000000000000f];forum;Album 22 of Adrian Bravo
5b72d7624b30342748da833d;[00000000000000000000000f];forum;Album 8 of Jorge Araujo Castro
5b72d7624b30342748da833e;[00000000000000000000000f];forum;Album 17 of Hans Johansson
5b72d7624b30342748da833f;[00000000000000000000000f];forum;Album 3 of Marc Ravalomanana
5b72d7624b30342748da8340;[00000000000000000000000f];forum;Album 6 of Alim Guliyev
5b72d7624b30342748da8341;[00000000000000000000000f];forum;Album 8 of Alim Guliyev
5b72d7624b30342748da8342;[00000000000000000000000f];forum;Album 10 of Jan Zakrzewski
5b72d7624b30342748da8343;[00000000000000000000000f];forum;Album 12 of Lei Zhang
5b72d7624b30342748da8344;[00000000000000000000000f];forum;Album 5 of Djelaludin Zaland
5b72d7624b30342748da8345;[00000000000000000000000f];forum;Album 9 of Luis Alonso
5b72d7624b30342748da8346;[00000000000000000000000f];forum;Album 14 of Adrian Bravo
5b72d7624b30342748da8348;[00000000000000000000000f];forum;Album 10 of Alexei Feltsman
5b72d7624b30342748da8349;[00000000000000000000000f];forum;Album 19 of Yahya Ould Ahmed El Abdallahi
5b72d7624b30342748da834a;[00000000000000000000000f];forum;Album 18 of Adje van den Berg Vries
5b72d7624b30342748da834c;[00000000000000000000000f];forum;Album 26 of Adje van den Berg Vries
5b72d7624b30342748da834d;[00000000000000000000000f];forum;Album 3 of Baby Yang
5b72d7624b30342748da834f;[00000000000000000000000f];forum;Album 5 of Baby Yang
5b72d7624b30342748da8351;[00000000000000000000000f];forum;Album 23 of Eric Mettacara
5b72d7624b30342748da8352;[00000000000000000000000f];forum;Album 27 of Ken Yamada
5b72d7624b30342748da8354;[00000000000000000000000f];forum;Album 18 of Alim Guliyev
5b72d7624b30342748da8356;[00000000000000000000000f];forum;Album 11 of Neil Murray
5b72d7624b30342748da8357;[00000000000000000000000f];forum;Wall of Abdul Jamil Qureshi
5b72d7624b30342748da8359;[00000000000000000000000f];forum;Album 10 of Anson Chen
5b72d7624b30342748da835b;[00000000000000000000000f];forum;Album 2 of Tamas Gabor
5b72d7624b30342748da835c;[00000000000000000000000f];forum;Album 7 of Gayatri Reddy
5b72d7624b30342748da835e;[00000000000000000000000f];forum;Wall of Jie Yang
5b72d7624b30342748da835f;[00000000000000000000000f];forum;Album 32 of K. Sen
5b72d7624b30342748da8361;[00000000000000000000000f];forum;Album 10 of John Reddy
5b72d7624b30342748da8363;[00000000000000000000000f];forum;Group for Carl_Jung in Hengyang
5b72d7624b30342748da8364;[00000000000000000000000f];forum;Album 15 of Neil Murray
5b72d7624b30342748da8366;[00000000000000000000000f];forum;Album 8 of Jun Li
5b72d7624b30342748da8368;[00000000000000000000000f];forum;Album 9 of Adrian Bravo
5b72d7624b30342748da8369;[00000000000000000000000f];forum;Album 15 of Wolfgang Bauer
5b72d7624b30342748da836b;[00000000000000000000000f];forum;Album 9 of Alejandro Rodriguez
5b72d7624b30342748da836d;[00000000000000000000000f];forum;Album 21 of Alejandro Rodriguez
5b72d7624b30342748da836e;[00000000000000000000000f];forum;Album 2 of Jose Alonso
5b72d7624b30342748da8370;[00000000000000000000000f];forum;Album 23 of Alexei Codreanu
5b72d7624b30342748da8372;[00000000000000000000000f];forum;Album 8 of Abdoulaye Khouma Dia
5b72d7624b30342748da8373;[00000000000000000000000f];forum;Album 0 of Amy Chen
5b72d7624b30342748da8375;[00000000000000000000000f];forum;Album 10 of Amy Chen
5b72d7624b30342748da8377;[00000000000000000000000f];forum;Album 6 of Albaye Papa Diouf
5b72d7624b30342748da8378;[00000000000000000000000f];forum;Album 14 of Aleksandr Efimkin
5b72d7624b30342748da837a;[00000000000000000000000f];forum;Album 11 of Eric Mettacara
5b72d7624b30342748da837c;[00000000000000000000000f];forum;Album 16 of Eric Mettacara
5b72d7624b30342748da837d;[00000000000000000000000f];forum;Album 11 of Alim Guliyev
5b72d7624b30342748da837f;[00000000000000000000000f];forum;Album 8 of Ali Abouba
5b72d7624b30342748da8381;[00000000000000000000000f];forum;Album 8 of Djelaludin Zaland
5b72d7624b30342748da8383;[00000000000000000000000f];forum;Album 19 of Jimmy Burak
5b72d7624b30342748da8384;[00000000000000000000000f];forum;Album 25 of Luis Alonso
5b72d7624b30342748da8386;[00000000000000000000000f];forum;Album 14 of John Kumar
5b72d7624b30342748da8388;[00000000000000000000000f];forum;Album 31 of Wolfgang Bauer
5b72d7624b30342748da838a;[00000000000000000000000f];forum;Album 28 of Anson Chen
5b72d7624b30342748da838b;[00000000000000000000000f];forum;Album 6 of Alejandro Rodriguez
5b72d7624b30342748da838d;[00000000000000000000000f];forum;Album 2 of Jimmy Burak
5b72d7624b30342748da838f;[00000000000000000000000f];forum;Album 12 of John Kumar
5b72d7624b30342748da8390;[00000000000000000000000f];forum;Album 8 of Anson Chen
5b72d7624b30342748da8392;[00000000000000000000000f];forum;Album 25 of Adje van den Berg Vries
5b72d7624b30342748da8393;[00000000000000000000000f];forum;Album 29 of Wolfgang Bauer
5b72d7624b30342748da8395;[00000000000000000000000f];forum;Album 26 of Jae-Jin Park
5b72d7624b30342748da8397;[00000000000000000000000f];forum;Album 9 of Hans Johansson
5b72d7624b30342748da8398;[00000000000000000000000f];forum;Wall of Jose Pereira
5b72d7624b30342748da839a;[00000000000000000000000f];forum;Album 18 of Jae-Jin Park
5b72d7624b30342748da839c;[00000000000000000000000f];forum;Album 3 of Alexei Feltsman
5b72d7624b30342748da839e;[00000000000000000000000f];forum;Album 18 of Anson Chen
5b72d7624b30342748da83a0;[00000000000000000000000f];forum;Wall of Alec Lin
5b72d7624b30342748da83a1;[00000000000000000000000f];forum;Album 16 of Adje van den Berg Vries
5b72d7624b30342748da83a3;[00000000000000000000000f];forum;Album 3 of Wolfgang Bauer
5b72d7624b30342748da83a5;[00000000000000000000000f];forum;Album 10 of Aleksandr Efimkin
5b72d7624b30342748da83a7;[00000000000000000000000f];forum;Album 19 of John Kumar
5b72d7624b30342748da83a8;[00000000000000000000000f];forum;Wall of Fritz Engel
5b72d7624b30342748da83aa;[00000000000000000000000f];forum;Album 15 of Marc Ravalomanana
5b72d7624b30342748da83ac;[00000000000000000000000f];forum;Wall of Joseph Sharma
5b72d7624b30342748da83ae;[00000000000000000000000f];forum;Album 14 of K. Sen
5b72d7624b30342748da83af;[00000000000000000000000f];forum;Album 11 of Adrian Bravo
5b72d7624b30342748da83b1;[00000000000000000000000f];forum;Album 19 of Wolfgang Bauer
5b72d7624b30342748da83b3;[00000000000000000000000f];forum;Album 10 of Jae-Jin Park
5b72d7624b30342748da83b4;[00000000000000000000000f];forum;Album 28 of Jae-Jin Park
5b72d7624b30342748da83b6;[00000000000000000000000f];forum;Wall of Paul Becker
5b72d7624b30342748da83b8;[00000000000000000000000f];forum;Album 13 of Anson Chen
5b72d7624b30342748da83b9;[00000000000000000000000f];forum;Album 13 of Hans Johansson
5b72d7624b30342748da83bb;[00000000000000000000000f];forum;Album 5 of Yahya Ould Ahmed El Abdallahi
5b72d7624b30342748da83bd;[00000000000000000000000f];forum;Album 21 of Marc Ravalomanana
5b72d7624b30342748da83bf;[00000000000000000000000f];forum;Album 25 of Marc Ravalomanana
5b72d7624b30342748da83c0;[00000000000000000000000f];forum;Album 22 of Baby Yang
5b72d7624b30342748da83c2;[00000000000000000000000f];forum;Album 14 of Jimmy Burak
5b72d7624b30342748da83c4;[00000000000000000000000f];forum;Album 14 of Luis Alonso
5b72d7624b30342748da83c6;[00000000000000000000000f];forum;Album 11 of Anson Chen
5b72d7624b30342748da83c7;[00000000000000000000000f];forum;Album 14 of Alexei Feltsman
5b72d7624b30342748da83c9;[00000000000000000000000f];forum;Album 24 of Marc Ravalomanana
5b72d7624b30342748da83cb;[00000000000000000000000f];forum;Album 5 of Alexei Codreanu
5b72d7624b30342748da83cd;[00000000000000000000000f];forum;Album 27 of Adje van den Berg Vries
5b72d7624b30342748da83cf;[00000000000000000000000f];forum;Wall of Amy Chen
5b72d7624b30342748da83d0;[00000000000000000000000f];forum;Album 0 of Ken Yamada
5b72d7624b30342748da83d2;[00000000000000000000000f];forum;Album 30 of K. Sen
5b72d7624b30342748da83d4;[00000000000000000000000f];forum;Album 16 of Jimmy Burak
5b72d7624b30342748da83d6;[00000000000000000000000f];forum;Album 20 of Anson Chen
5b72d7624b30342748da83d7;[00000000000000000000000f];forum;Album 23 of Alejandro Rodriguez
5b72d7624b30342748da83d9;[00000000000000000000000f];forum;Album 0 of Marc Ravalomanana
5b72d7624b30342748da83db;[00000000000000000000000f];forum;Album 0 of Adje van den Berg Vries
5b72d7624b30342748da83dd;[00000000000000000000000f];forum;Album 21 of Djelaludin Zaland
5b72d7624b30342748da83df;[00000000000000000000000f];forum;Album 5 of Rahul Khan
5b72d7624b30342748da83e0;[00000000000000000000000f];forum;Album 13 of Rahul Khan
5b72d7624b30342748da83e2;[00000000000000000000000f];forum;Album 27 of John Kumar
5b72d7624b30342748da83e4;[00000000000000000000000f];forum;Album 28 of Wolfgang Bauer
5b72d7624b30342748da83e5;[00000000000000000000000f];forum;Album 9 of Alexei Feltsman
5b72d7624b30342748da83e7;[00000000000000000000000f];forum;Album 16 of Alexei Codreanu
5b72d7624b30342748da83e9;[00000000000000000000000f];forum;Album 22 of Adje van den Berg Vries
5b72d7624b30342748da83eb;[00000000000000000000000f];forum;Album 2 of K. Sen
5b72d7624b30342748da83ec;[00000000000000000000000f];forum;Album 7 of K. Sen
5b72d7624b30342748da83ee;[00000000000000000000000f];forum;Wall of Jan Zakrzewski
5b72d7624b30342748da83f0;[00000000000000000000000f];forum;Album 10 of Luis Alonso
5b72d7624b30342748da83f2;[00000000000000000000000f];forum;Album 27 of Luis Alonso
5b72d7624b30342748da83f4;[00000000000000000000000f];forum;Album 23 of Alexei Feltsman
5b72d7624b30342748da83f5;[00000000000000000000000f];forum;Album 6 of Ken Yamada
5b72d7624b30342748da83f7;[00000000000000000000000f];forum;Album 33 of K. Sen
5b72d7624b30342748da83f9;[00000000000000000000000f];forum;Wall of Naresh Singh
5b72d7624b30342748da83fa;[00000000000000000000000f];forum;Album 4 of Djelaludin Zaland
5b72d7624b30342748da83fc;[00000000000000000000000f];forum;Album 0 of Neil Murray
5b72d7624b30342748da83fe;[00000000000000000000000f];forum;Album 14 of Rahul Khan
5b72d7624b30342748da8400;[00000000000000000000000f];forum;Album 22 of Luis Alonso
5b72d7624b30342748da8402;[00000000000000000000000f];forum;Album 2 of Jae-Jin Park
5b72d7624b30342748da8404;[00000000000000000000000f];forum;Album 17 of Alejandro Rodriguez
5b72d7624b30342748da8405;[00000000000000000000000f];forum;Album 11 of Tamas Gabor
5b72d7624b30342748da8407;[00000000000000000000000f];forum;Album 6 of Eric Mettacara
5b72d7624b30342748da8409;[00000000000000000000000f];forum;Album 3 of Gayatri Reddy
5b72d7624b30342748da840b;[00000000000000000000000f];forum;Album 12 of Alim Guliyev
5b72d7624b30342748da840c;[00000000000000000000000f];forum;Album 22 of Jimmy Burak
5b72d7624b30342748da840e;[00000000000000000000000f];forum;Album 29 of Jae-Jin Park
5b72d7624b30342748da8410;[00000000000000000000000f];forum;Album 5 of Hans Johansson
5b72d7624b30342748da8412;[00000000000000000000000f];forum;Album 4 of Adje van den Berg Vries
5b72d7624b30342748da8414;[00000000000000000000000f];forum;Album 7 of Amy Chen
5b72d7624b30342748da8415;[00000000000000000000000f];forum;Album 19 of Aleksandr Efimkin
5b72d7624b30342748da8417;[00000000000000000000000f];forum;Album 5 of Alim Guliyev
5b72d7624b30342748da8419;[00000000000000000000000f];forum;Album 4 of John Reddy
5b72d7624b30342748da841b;[00000000000000000000000f];forum;Album 8 of John Reddy
5b72d7624b30342748da841d;[00000000000000000000000f];forum;Wall of Celso Oliveira
5b72d7624b30342748da841e;[00000000000000000000000f];forum;Album 8 of Jimmy Burak
5b72d7624b30342748da8420;[00000000000000000000000f];forum;Album 0 of Chen Zhu
5b72d7624b30342748da8425;[00000000000000000000000f];forum;Album 1 of Chen Zhu
5b72d7624b30342748da8427;[00000000000000000000000f];forum;Album 6 of Jae-Jin Park
5b72d7624b30342748da8429;[00000000000000000000000f];forum;Album 9 of Anson Chen
5b72d7624b30342748da842b;[00000000000000000000000f];forum;Album 30 of Anson Chen
5b72d7624b30342748da842c;[00000000000000000000000f];forum;Wall of Alfonso Rodriguez
5b72d7624b30342748da842e;[00000000000000000000000f];forum;Album 8 of Marc Ravalomanana
5b72d7624b30342748da8430;[00000000000000000000000f];forum;Album 2 of Eric Mettacara
5b72d7624b30342748da8432;[00000000000000000000000f];forum;Album 19 of Ken Yamada
5b72d7624b30342748da8434;[00000000000000000000000f];forum;Album 10 of Alim Guliyev
5b72d7624b30342748da8436;[00000000000000000000000f];forum;Album 6 of Ali Abouba
5b72d7624b30342748da8437;[00000000000000000000000f];forum;Album 18 of Rahul Khan
5b72d7624b30342748da8439;[00000000000000000000000f];forum;Album 1 of Luis Alonso
5b72d7624b30342748da843b;[00000000000000000000000f];forum;Album 20 of Wolfgang Bauer
5b72d7624b30342748da843d;[00000000000000000000000f];forum;Album 12 of Yahya Ould Ahmed El Abdallahi
5b72d7624b30342748da843e;[00000000000000000000000f];forum;Album 29 of Adje van den Berg Vries
5b72d7624b30342748da8440;[00000000000000000000000f];forum;Album 1 of Abdoulaye Khouma Dia
5b72d7624b30342748da8442;[00000000000000000000000f];forum;Album 2 of Abdoulaye Khouma Dia
5b72d7624b30342748da8444;[00000000000000000000000f];forum;Album 14 of Tamas Gabor
5b72d7624b30342748da8445;[00000000000000000000000f];forum;Album 11 of Ken Yamada
5b72d7624b30342748da8447;[00000000000000000000000f];forum;Album 10 of John Kumar
5b72d7624b30342748da8449;[00000000000000000000000f];forum;Album 17 of Adrian Bravo
5b72d7624b30342748da844b;[00000000000000000000000f];forum;Album 23 of Adrian Bravo
5b72d7624b30342748da844c;[00000000000000000000000f];forum;Album 24 of Wolfgang Bauer
5b72d7624b30342748da844e;[00000000000000000000000f];forum;Album 10 of Chen Zhu
5b72d7624b30342748da8450;[00000000000000000000000f];forum;Album 2 of Otto Redl
5b72d7624b30342748da8452;[00000000000000000000000f];forum;Album 5 of Jae-Jin Park
5b72d7624b30342748da8453;[00000000000000000000000f];forum;Album 34 of Anson Chen
5b72d7624b30342748da8455;[00000000000000000000000f];forum;Album 0 of Alejandro Rodriguez
5b72d7624b30342748da8457;[00000000000000000000000f];forum;Album 22 of Alejandro Rodriguez
5b72d7624b30342748da8459;[00000000000000000000000f];forum;Album 6 of Alexei Codreanu
5b72d7624b30342748da845b;[00000000000000000000000f];forum;Album 7 of Adje van den Berg Vries
5b72d7624b30342748da845d;[00000000000000000000000f];forum;Album 7 of Abdoulaye Khouma Dia
5b72d7624b30342748da845f;[00000000000000000000000f];forum;Album 5 of Ken Yamada
5b72d7624b30342748da8461;[00000000000000000000000f];forum;Album 19 of Lei Zhang
5b72d7624b30342748da8462;[00000000000000000000000f];forum;Album 9 of Djelaludin Zaland
5b72d7624b30342748da8464;[00000000000000000000000f];forum;Album 28 of Adrian Bravo
5b72d7624b30342748da8466;[00000000000000000000000f];forum;Album 23 of Wolfgang Bauer
5b72d7624b30342748da8468;[00000000000000000000000f];forum;Album 10 of Alejandro Rodriguez
5b72d7624b30342748da846a;[00000000000000000000000f];forum;Album 1 of Jose Alonso
5b72d7624b30342748da846b;[00000000000000000000000f];forum;Album 5 of Eric Mettacara
5b72d7624b30342748da846d;[00000000000000000000000f];forum;Album 16 of K. Sen
5b72d7624b30342748da846f;[00000000000000000000000f];forum;Album 4 of Adrian Bravo
5b72d7624b30342748da8470;[00000000000000000000000f];forum;Album 25 of Jorge Araujo Castro
5b72d7624b30342748da8472;[00000000000000000000000f];forum;Album 27 of Alexei Feltsman
5b72d7624b30342748da8474;[00000000000000000000000f];forum;Album 10 of Alexei Codreanu
5b72d7624b30342748da8476;[00000000000000000000000f];forum;Album 11 of Adje van den Berg Vries
5b72d7624b30342748da8478;[00000000000000000000000f];forum;Wall of Ali Abouba
5b72d7624b30342748da8479;[00000000000000000000000f];forum;Album 3 of Lei Zhang
5b72d7624b30342748da847b;[00000000000000000000000f];forum;Album 4 of Alejandro Rodriguez
5b72d7624b30342748da847d;[00000000000000000000000f];forum;Album 11 of Hans Johansson
5b72d7624b30342748da847f;[00000000000000000000000f];forum;Album 12 of Hans Johansson
5b72d7624b30342748da8480;[00000000000000000000000f];forum;Album 5 of Alexei Feltsman
5b72d7624b30342748da8482;[00000000000000000000000f];forum;Album 11 of Yahya Ould Ahmed El Abdallahi
5b72d7624b30342748da8484;[00000000000000000000000f];forum;Album 30 of Marc Ravalomanana
5b72d7624b30342748da8486;[00000000000000000000000f];forum;Album 31 of Marc Ravalomanana
5b72d7624b30342748da8487;[00000000000000000000000f];forum;Wall of Adje van den Berg Vries
5b72d7624b30342748da8488;[00000000000000000000000f];forum;Album 9 of Adje van den Berg Vries
5b72d7624b30342748da8489;[00000000000000000000000f];forum;Album 20 of Adje van den Berg Vries
5b72d7624b30342748da848a;[00000000000000000000000f];forum;Album 1 of K. Sen
5b72d7624b30342748da848b;[00000000000000000000000f];forum;Album 8 of K. Sen
5b72d7624b30342748da848c;[00000000000000000000000f];forum;Album 21 of John Kumar
5b72d7624b30342748da848d;[00000000000000000000000f];forum;Album 26 of Adrian Bravo
5b72d7624b30342748da848f;[00000000000000000000000f];forum;Album 2 of Anson Chen
5b72d7624b30342748da860e;[00000000000000000000000f];forum;Album 6 of Anson Chen
5b72d7624b30342748da860f;[00000000000000000000000f];forum;Album 20 of Ken Yamada
5b72d7624b30342748da8610;[00000000000000000000000f];forum;Album 2 of Alexei Feltsman
5b72d7624b30342748da8611;[00000000000000000000000f];forum;Album 14 of Adje van den Berg Vries
5b72d7624b30342748da8612;[00000000000000000000000f];forum;Album 18 of Adrian Bravo
5b72d7624b30342748da8613;[00000000000000000000000f];forum;Wall of Yahya Ould Ahmed El Abdallahi
5b72d7624b30342748da8614;[00000000000000000000000f];forum;Album 3 of Adrian Bravo
5b72d7624b30342748da8615;[00000000000000000000000f];forum;Album 24 of Anson Chen
5b72d7624b30342748da8616;[00000000000000000000000f];forum;Album 3 of Yahya Ould Ahmed El Abdallahi
5b72d7624b30342748da8617;[00000000000000000000000f];forum;Album 18 of Ken Yamada
5b72d7624b30342748da8618;[00000000000000000000000f];forum;Album 6 of Jimmy Burak
5b72d7624b30342748da8619;[00000000000000000000000f];forum;Wall of Chong Zhang
5b72d7624b30342748da861a;[00000000000000000000000f];forum;Album 18 of Yahya Ould Ahmed El Abdallahi
5b72d7624b30342748da861b;[00000000000000000000000f];forum;Album 20 of Alexei Codreanu
5b72d7624b30342748da861c;[00000000000000000000000f];forum;Album 2 of Baby Yang
5b72d7624b30342748da861d;[00000000000000000000000f];forum;Album 8 of Amy Chen
5b72d7624b30342748da861e;[00000000000000000000000f];forum;Album 13 of K. Sen
5b72d7624b30342748da861f;[00000000000000000000000f];forum;Album 14 of Baby Yang
5b72d7624b30342748da8620;[00000000000000000000000f];forum;Album 14 of Ali Abouba
5b72d7624b30342748da8621;[00000000000000000000000f];forum;Album 6 of Adrian Bravo
5b72d7624b30342748da8622;[00000000000000000000000f];forum;Album 15 of Alejandro Rodriguez
5b72d7624b30342748da8623;[00000000000000000000000f];forum;Album 14 of Yahya Ould Ahmed El Abdallahi
5b72d7624b30342748da8624;[00000000000000000000000f];forum;Album 12 of Alexei Codreanu
5b72d7624b30342748da8625;[00000000000000000000000f];forum;Album 3 of Adje van den Berg Vries
5b72d7624b30342748da8626;[00000000000000000000000f];forum;Album 15 of Rahul Khan
5b72d7624b30342748da8628;[00000000000000000000000f];forum;Album 21 of Jorge Araujo Castro
5b72d7624b30342748da8629;[00000000000000000000000f];forum;Wall of Wojciech Ciesla
5b72d7624b30342748da862c;[00000000000000000000000f];forum;Album 4 of Eric Mettacara
5b72d7624b30342748da862e;[00000000000000000000000f];forum;Album 2 of Gayatri Reddy
5b72d7624b30342748da8630;[00000000000000000000000f];forum;Album 0 of John Reddy
5b72d7624b30342748da8632;[00000000000000000000000f];forum;Album 12 of Rahul Khan
5b72d7624b30342748da8635;[00000000000000000000000f];forum;Wall of Jun Li
5b72d7624b30342748da8637;[00000000000000000000000f];forum;Album 0 of John Kumar
5b72d7624b30342748da863a;[00000000000000000000000f];forum;Album 5 of Wolfgang Bauer
5b72d7624b30342748da863c;[00000000000000000000000f];forum;Album 12 of Alejandro Rodriguez
5b72d7624b30342748da8640;[00000000000000000000000f];forum;Wall of Jose Alonso
5b72d7624b30342748da8642;[00000000000000000000000f];forum;Album 33 of Marc Ravalomanana
5b72d7624b30342748da8645;[00000000000000000000000f];forum;Album 20 of Eric Mettacara
5b72d7624b30342748da8648;[00000000000000000000000f];forum;Album 6 of Lei Zhang
5b72d7624b30342748da864a;[00000000000000000000000f];forum;Album 3 of Neil Murray
5b72d7624b30342748da864d;[00000000000000000000000f];forum;Album 13 of Adrian Bravo
5b72d7624b30342748da8650;[00000000000000000000000f];forum;Wall of Joakim Larsson
5b72d7624b30342748da8653;[00000000000000000000000f];forum;Album 9 of Lei Zhang
5b72d7624b30342748da8656;[00000000000000000000000f];forum;Album 13 of Alejandro Rodriguez
5b72d7624b30342748da8659;[00000000000000000000000f];forum;Album 17 of Alexei Codreanu
5b72d7624b30342748da865b;[00000000000000000000000f];forum;Album 6 of Adje van den Berg Vries
5b72d7624b30342748da865e;[00000000000000000000000f];forum;Album 23 of Adje van den Berg Vries
5b72d7624b30342748da8662;[00000000000000000000000f];forum;Album 10 of Abdoulaye Khouma Dia
5b72d7624b30342748da8665;[00000000000000000000000f];forum;Wall of Alejandro Garcia
5b72d7624b30342748da8668;[00000000000000000000000f];forum;Album 8 of Rahul Khan
5b72d7624b30342748da866a;[00000000000000000000000f];forum;Album 0 of Jun Li
5b72d7624b30342748da866d;[00000000000000000000000f];forum;Album 2 of Alfonso Rodriguez
5b72d7624b30342748da8670;[00000000000000000000000f];forum;Album 0 of Yahya Ould Ahmed El Abdallahi
5b72d7624b30342748da8673;[00000000000000000000000f];forum;Album 4 of Anatoly Shevchenko
5b72d7624b30342748da8676;[00000000000000000000000f];forum;Album 20 of Marc Ravalomanana
5b72d7624b30342748da8678;[00000000000000000000000f];forum;Wall of Roberto Diaz
5b72d7624b30342748da867c;[00000000000000000000000f];forum;Album 6 of Baby Yang
5b72d7624b30342748da867e;[00000000000000000000000f];forum;Album 24 of Baby Yang
5b72d7624b30342748da8681;[00000000000000000000000f];forum;Album 1 of Albaye Papa Diouf
5b72d7624b30342748da8685;[00000000000000000000000f];forum;Album 7 of Jan Zakrzewski
5b72d7624b30342748da8688;[00000000000000000000000f];forum;Wall of Francisco Reyes
5b72d7624b30342748da868b;[00000000000000000000000f];forum;Album 11 of Alexei Codreanu
5b72d7624b30342748da868e;[00000000000000000000000f];forum;Album 2 of Amy Chen
5b72d7624b30342748da8690;[00000000000000000000000f];forum;Album 12 of Amy Chen
5b72d7624b30342748da8692;[00000000000000000000000f];forum;Wall of John Reddy
5b72d7624b30342748da8695;[00000000000000000000000f];forum;Album 25 of Adrian Bravo
5b72d7624b30342748da8697;[00000000000000000000000f];forum;Album 3 of Anson Chen
5b72d7624b30342748da869a;[00000000000000000000000f];forum;Album 11 of Alexei Feltsman
5b72d7624b30342748da869d;[00000000000000000000000f];forum;Album 26 of Alexei Feltsman
5b72d7624b30342748da869f;[00000000000000000000000f];forum;Album 14 of Marc Ravalomanana
5b72d7624b30342748da86a2;[00000000000000000000000f];forum;Album 28 of K. Sen
5b72d7624b30342748da86a6;[00000000000000000000000f];forum;Album 26 of Marc Ravalomanana
5b72d7624b30342748da86a8;[00000000000000000000000f];forum;Album 17 of Baby Yang
5b72d7624b30342748da86ab;[00000000000000000000000f];forum;Wall of Aleksandr Efimkin
5b72d7624b30342748da86ad;[00000000000000000000000f];forum;Album 26 of Aleksandr Efimkin
5b72d7624b30342748da86b0;[00000000000000000000000f];forum;Album 26 of Ken Yamada
5b72d7624b30342748da86b3;[00000000000000000000000f];forum;Wall of Luis Alonso
5b72d7624b30342748da86b5;[00000000000000000000000f];forum;Album 13 of John Kumar
5b72d7624b30342748da86b8;[00000000000000000000000f];forum;Album 15 of Jorge Araujo Castro
5b72d7624b30342748da86ba;[00000000000000000000000f];forum;Album 18 of Marc Ravalomanana
5b72d7624b30342748da86bd;[00000000000000000000000f];forum;Album 2 of Adje van den Berg Vries
5b72d7624b30342748da86c0;[00000000000000000000000f];forum;Album 12 of Adje van den Berg Vries
5b72d7624b30342748da86c3;[00000000000000000000000f];forum;Album 12 of Baby Yang
5b72d7624b30342748da86c5;[00000000000000000000000f];forum;Album 1 of Aleksandr Efimkin
5b72d7624b30342748da86c9;[00000000000000000000000f];forum;Album 23 of Ken Yamada
5b72d7624b30342748da86cc;[00000000000000000000000f];forum;Album 27 of K. Sen
5b72d7624b30342748da86cf;[00000000000000000000000f];forum;Album 8 of John Kumar
5b72d7624b30342748da86d2;[00000000000000000000000f];forum;Album 28 of Alexei Feltsman
5b72d7624b30342748da86d4;[00000000000000000000000f];forum;Album 16 of Marc Ravalomanana
5b72d7624b30342748da86d7;[00000000000000000000000f];forum;Album 19 of Alexei Codreanu
5b72d7624b30342748da86db;[00000000000000000000000f];forum;Album 28 of Adje van den Berg Vries
5b72d7624b30342748da86de;[00000000000000000000000f];forum;Album 9 of K. Sen
5b72d7624b30342748da86e0;[00000000000000000000000f];forum;Album 12 of Eric Mettacara
5b72d7624b30342748da86e3;[00000000000000000000000f];forum;Album 14 of Ken Yamada
5b72d7624b30342748da86e6;[00000000000000000000000f];forum;Album 22 of John Kumar
5b72d7624b30342748da86e9;[00000000000000000000000f];forum;Album 1 of Jorge Araujo Castro
5b72d7624b30342748da86eb;[00000000000000000000000f];forum;Album 10 of Jorge Araujo Castro
5b72d7624b30342748da86ee;[00000000000000000000000f];forum;Album 19 of Anson Chen
5b72d7624b30342748da86f1;[00000000000000000000000f];forum;Album 27 of Anson Chen
5b72d7624b30342748da86f4;[00000000000000000000000f];forum;Album 17 of Yahya Ould Ahmed El Abdallahi
5b72d7624b30342748da86f6;[00000000000000000000000f];forum;Album 7 of Aleksandr Efimkin
5b72d7624b30342748da86f9;[00000000000000000000000f];forum;Album 17 of Aleksandr Efimkin
5b72d7624b30342748da86fc;[00000000000000000000000f];forum;Album 18 of Aleksandr Efimkin
5b72d7624b30342748da86ff;[00000000000000000000000f];forum;Album 24 of Aleksandr Efimkin
5b72d7624b30342748da8702;[00000000000000000000000f];forum;Album 1 of Lei Zhang
5b72d7624b30342748da8703;[00000000000000000000000f];forum;Wall of Tissa Perera
5b72d7624b30342748da8706;[00000000000000000000000f];forum;Album 13 of Jorge Araujo Castro
5b72d7624b30342748da8708;[00000000000000000000000f];forum;Album 1 of Anson Chen
5b72d7624b30342748da870b;[00000000000000000000000f];forum;Wall of Abdul Haris Tobing
5b72d7624b30342748da870e;[00000000000000000000000f];forum;Album 13 of Marc Ravalomanana
5b72d7624b30342748da8711;[00000000000000000000000f];forum;Album 23 of Aleksandr Efimkin
5b72d7624b30342748da8713;[00000000000000000000000f];forum;Wall of Alim Guliyev
5b72d7624b30342748da8716;[00000000000000000000000f];forum;Album 24 of Jorge Araujo Castro
5b72d7624b30342748da8719;[00000000000000000000000f];forum;Album 0 of Alexei Feltsman
5b72d7624b30342748da871c;[00000000000000000000000f];forum;Album 0 of Alexei Codreanu
5b72d7624b30342748da871e;[00000000000000000000000f];forum;Album 17 of Tamas Gabor
5b72d7624b30342748da8721;[00000000000000000000000f];forum;Album 12 of Jan Zakrzewski
5b72d7624b30342748da8724;[00000000000000000000000f];forum;Album 3 of Jimmy Burak
5b72d7624b30342748da8725;[00000000000000000000000f];forum;Album 20 of Luis Alonso
5b72d7624b30342748da8728;[00000000000000000000000f];forum;Album 33 of Anson Chen
5b72d7624b30342748da872a;[00000000000000000000000f];forum;Album 7 of Alexei Codreanu
5b72d7624b30342748da872e;[00000000000000000000000f];forum;Album 0 of Aleksandr Efimkin
5b72d7624b30342748da8731;[00000000000000000000000f];forum;Album 31 of K. Sen
5b72d7624b30342748da8734;[00000000000000000000000f];forum;Album 14 of Hans Johansson
5b72d7624b30342748da8736;[00000000000000000000000f];forum;Album 1 of Yahya Ould Ahmed El Abdallahi
5b72d7624b30342748da8739;[00000000000000000000000f];forum;Album 1 of Baby Yang
5b72d7624b30342748da873c;[00000000000000000000000f];forum;Album 9 of Baby Yang
5b72d7624b30342748da873f;[00000000000000000000000f];forum;Wall of Aleksandr Dobrunov
5b72d7624b30342748da8741;[00000000000000000000000f];forum;Album 13 of Jan Zakrzewski
5b72d7624b30342748da8743;[00000000000000000000000f];forum;Album 9 of John Reddy
5b72d7624b30342748da8746;[00000000000000000000000f];forum;Album 4 of Ali Abouba
5b72d7624b30342748da8749;[00000000000000000000000f];forum;Album 11 of Lei Zhang
5b72d7624b30342748da874b;[00000000000000000000000f];forum;Album 13 of Wolfgang Bauer
5b72d7624b30342748da874e;[00000000000000000000000f];forum;Wall of Pablo Bernal
5b72d7624b30342748da874f;[00000000000000000000000f];forum;Album 6 of Aleksandr Efimkin
5b72d7624b30342748da8752;[00000000000000000000000f];forum;Album 22 of K. Sen
5b72d7624b30342748da8755;[00000000000000000000000f];forum;Album 0 of Alim Guliyev
5b72d7624b30342748da8758;[00000000000000000000000f];forum;Album 11 of John Reddy
5b72d7624b30342748da875b;[00000000000000000000000f];forum;Album 8 of Neil Murray
5b72d7624b30342748da875e;[00000000000000000000000f];forum;Album 5 of John Kumar
5b72d7624b30342748da8760;[00000000000000000000000f];forum;Album 21 of Wolfgang Bauer
5b72d7624b30342748da8763;[00000000000000000000000f];forum;Album 27 of Jorge Araujo Castro
5b72d7624b30342748da8765;[00000000000000000000000f];forum;Album 32 of Anson Chen
5b72d7624b30342748da8768;[00000000000000000000000f];forum;Album 23 of Hans Johansson
5b72d7624b30342748da876b;[00000000000000000000000f];forum;Album 7 of Jose Alonso
5b72d7624b30342748da876d;[00000000000000000000000f];forum;Album 18 of Alexei Feltsman
5b72d7624b30342748da8770;[00000000000000000000000f];forum;Album 4 of Yahya Ould Ahmed El Abdallahi
5b72d7624b30342748da8774;[00000000000000000000000f];forum;Album 22 of Yahya Ould Ahmed El Abdallahi
5b72d7624b30342748da8777;[00000000000000000000000f];forum;Album 21 of Adje van den Berg Vries
5b72d7624b30342748da877a;[00000000000000000000000f];forum;Album 1 of Gayatri Reddy
5b72d7624b30342748da877c;[00000000000000000000000f];forum;Album 3 of Jan Zakrzewski
5b72d7624b30342748da877f;[00000000000000000000000f];forum;Album 15 of Ali Abouba
5b72d7624b30342748da8780;[00000000000000000000000f];forum;Album 8 of Alejandro Rodriguez
5b72d7624b30342748da8783;[00000000000000000000000f];forum;Album 13 of Yahya Ould Ahmed El Abdallahi
5b72d7624b30342748da8786;[00000000000000000000000f];forum;Album 13 of Alexei Codreanu
5b72d7624b30342748da8789;[00000000000000000000000f];forum;Album 16 of Tamas Gabor
5b72d7624b30342748da878b;[00000000000000000000000f];forum;Album 5 of Gayatri Reddy
5b72d7624b30342748da878e;[00000000000000000000000f];forum;Album 10 of Gayatri Reddy
5b72d7624b30342748da8790;[00000000000000000000000f];forum;Album 7 of Alim Guliyev
5b72d7624b30342748da8792;[00000000000000000000000f];forum;Album 17 of Alim Guliyev
5b72d7624b30342748da8796;[00000000000000000000000f];forum;Album 16 of Jan Zakrzewski
5b72d7624b30342748da8799;[00000000000000000000000f];forum;Album 6 of John Reddy
5b72d7624b30342748da879c;[00000000000000000000000f];forum;Album 12 of John Reddy
5b72d7624b30342748da879f;[00000000000000000000000f];forum;Album 6 of Chen Zhu
5b72d7624b30342748da87a1;[00000000000000000000000f];forum;Album 16 of Jae-Jin Park
5b72d7624b30342748da87a4;[00000000000000000000000f];forum;Album 14 of Anson Chen
5b72d7624b30342748da87a7;[00000000000000000000000f];forum;Album 16 of Anson Chen
5b72d7624b30342748da87aa;[00000000000000000000000f];forum;Album 0 of Jose Alonso
5b72d7624b30342748da87ad;[00000000000000000000000f];forum;Album 1 of Alexei Codreanu
5b72d7624b30342748da87af;[00000000000000000000000f];forum;Album 25 of Alexei Codreanu
5b72d7624b30342748da87b2;[00000000000000000000000f];forum;Album 19 of Adje van den Berg Vries
5b72d7624b30342748da87b5;[00000000000000000000000f];forum;Album 1 of Alim Guliyev
5b72d7624b30342748da87b8;[00000000000000000000000f];forum;Album 9 of Alim Guliyev
5b72d7624b30342748da87b9;[00000000000000000000000f];forum;Album 4 of Jan Zakrzewski
5b72d7624b30342748da87bc;[00000000000000000000000f];forum;Album 13 of John Reddy
5b72d7624b30342748da87bf;[00000000000000000000000f];forum;Album 6 of Neil Murray
5b72d7624b30342748da87c1;[00000000000000000000000f];forum;Album 18 of Jimmy Burak
5b72d7624b30342748da87c4;[00000000000000000000000f];forum;Wall of Ashok Singh
5b72d7624b30342748da87c7;[00000000000000000000000f];forum;Album 1 of Alejandro Rodriguez
5b72d7624b30342748da87ca;[00000000000000000000000f];forum;Album 1 of Jimmy Burak
5b72d7624b30342748da87cd;[00000000000000000000000f];forum;Album 2 of Alexei Codreanu
5b72d7624b30342748da87d0;[00000000000000000000000f];forum;Wall of Gayatri Reddy
5b72d7624b30342748da87d3;[00000000000000000000000f];forum;Album 4 of Ken Yamada
5b72d7624b30342748da87d5;[00000000000000000000000f];forum;Album 21 of Ken Yamada
5b72d7624b30342748da87d8;[00000000000000000000000f];forum;Album 2 of Ali Abouba
5b72d7624b30342748da87db;[00000000000000000000000f];forum;Album 7 of Djelaludin Zaland
5b72d7624b30342748da87dd;[00000000000000000000000f];forum;Wall of Bryn Davies
5b72d7624b30342748da87e0;[00000000000000000000000f];forum;Album 18 of Wolfgang Bauer
5b72d7624b30342748da87e3;[00000000000000000000000f];forum;Album 3 of Jae-Jin Park
5b72d7624b30342748da87e6;[00000000000000000000000f];forum;Album 3 of K. Sen
5b72d7624b30342748da87e7;[00000000000000000000000f];forum;Album 27 of Wolfgang Bauer
5b72d7624b30342748da87ea;[00000000000000000000000f];forum;Album 21 of Anson Chen
5b72d7624b30342748da87eb;[00000000000000000000000f];forum;Wall of Alexei Feltsman
5b72d7624b30342748da87ee;[00000000000000000000000f];forum;Album 18 of Baby Yang
5b72d7624b30342748da87f1;[00000000000000000000000f];forum;Wall of Wei Wei
5b72d7624b30342748da87f3;[00000000000000000000000f];forum;Album 12 of Alexei Feltsman
5b72d7624b30342748da87f6;[00000000000000000000000f];forum;Album 11 of Baby Yang
5b72d7624b30342748da87f9;[00000000000000000000000f];forum;Album 9 of John Kumar
5b72d7624b30342748da87fa;[00000000000000000000000f];forum;Album 12 of Anson Chen
5b72d7624b30342748da87fd;[00000000000000000000000f];forum;Album 31 of Baby Yang
5b72d7624b30342748da87fe;[00000000000000000000000f];forum;Album 1 of Eric Mettacara
5b72d7624b30342748da8801;[00000000000000000000000f];forum;Album 17 of Eric Mettacara
5b72d7624b30342748da8804;[00000000000000000000000f];forum;Album 18 of K. Sen
5b72d7624b30342748da8806;[00000000000000000000000f];forum;Album 23 of Jorge Araujo Castro
5b72d7624b30342748da8807;[00000000000000000000000f];forum;Album 19 of Jae-Jin Park
5b72d7624b30342748da880a;[00000000000000000000000f];forum;Album 14 of Alejandro Rodriguez
5b72d7624b30342748da880c;[00000000000000000000000f];forum;Album 8 of Alexei Feltsman
5b72d7624b30342748da880f;[00000000000000000000000f];forum;Album 29 of Alexei Feltsman
5b72d7624b30342748da8813;[00000000000000000000000f];forum;Wall of Ali Achiou
5b72d7624b30342748da8814;[00000000000000000000000f];forum;Album 2 of Adrian Bravo
5b72d7624b30342748da8818;[00000000000000000000000f];forum;Album 9 of Jae-Jin Park
5b72d7624b30342748da881b;[00000000000000000000000f];forum;Album 7 of Baby Yang
5b72d7624b30342748da881d;[00000000000000000000000f];forum;Wall of Tamas Gabor
5b72d7624b30342748da8821;[00000000000000000000000f];forum;Album 21 of Aleksandr Efimkin
5b72d7624b30342748da8823;[00000000000000000000000f];forum;Album 22 of Ken Yamada
5b72d7624b30342748da8826;[00000000000000000000000f];forum;Album 26 of K. Sen
5b72d7624b30342748da8829;[00000000000000000000000f];forum;Album 10 of Lei Zhang
5b72d7624b30342748da882c;[00000000000000000000000f];forum;Album 14 of Lei Zhang
5b72d7624b30342748da882f;[00000000000000000000000f];forum;Album 9 of Jimmy Burak
5b72d7624b30342748da8832;[00000000000000000000000f];forum;Album 8 of Adrian Bravo
5b72d7624b30342748da8835;[00000000000000000000000f];forum;Album 16 of Alexei Feltsman
5b72d7624b30342748da8839;[00000000000000000000000f];forum;Album 5 of Aleksandr Efimkin
5b72d7624b30342748da883c;[00000000000000000000000f];forum;Album 15 of Aleksandr Efimkin
5b72d7624b30342748da883f;[00000000000000000000000f];forum;Album 17 of Luis Alonso
5b72d7624b30342748da8843;[00000000000000000000000f];forum;Album 7 of Yahya Ould Ahmed El Abdallahi
5b72d7624b30342748da8846;[00000000000000000000000f];forum;Album 16 of Baby Yang
5b72d7624b30342748da8849;[00000000000000000000000f];forum;Album 15 of Tamas Gabor
5b72d7624b30342748da884c;[00000000000000000000000f];forum;Album 9 of Ken Yamada
5b72d7624b30342748da884e;[00000000000000000000000f];forum;Album 20 of Lei Zhang
5b72d7624b30342748da8852;[00000000000000000000000f];forum;Album 17 of Rahul Khan
5b72d7624b30342748da8855;[00000000000000000000000f];forum;Wall of Oleg Bazayev
5b72d7624b30342748da8857;[00000000000000000000000f];forum;Album 7 of John Kumar
5b72d7624b30342748da8859;[00000000000000000000000f];forum;Album 2 of Jorge Araujo Castro
5b72d7624b30342748da885d;[00000000000000000000000f];forum;Album 17 of Jorge Araujo Castro
5b72d7624b30342748da8861;[00000000000000000000000f];forum;Album 21 of Jae-Jin Park
5b72d7624b30342748da8863;[00000000000000000000000f];forum;Album 6 of Alexei Feltsman
5b72d7624b30342748da8867;[00000000000000000000000f];forum;Album 18 of Alexei Codreanu
5b72d7624b30342748da886a;[00000000000000000000000f];forum;Wall of Otto Richter
5b72d7624b30342748da886c;[00000000000000000000000f];forum;Album 30 of Baby Yang
5b72d7624b30342748da8870;[00000000000000000000000f];forum;Album 10 of Eric Mettacara
5b72d7624b30342748da8872;[00000000000000000000000f];forum;Album 11 of Gayatri Reddy
5b72d7624b30342748da8876;[00000000000000000000000f];forum;Album 10 of Ali Abouba
5b72d7624b30342748da8878;[00000000000000000000000f];forum;Album 17 of Lei Zhang
5b72d7624b30342748da887b;[00000000000000000000000f];forum;Album 6 of Rahul Khan
5b72d7624b30342748da887f;[00000000000000000000000f];forum;Album 11 of Jae-Jin Park
5b72d7624b30342748da8881;[00000000000000000000000f];forum;Wall of Alexei Kahnovich
5b72d7624b30342748da8885;[00000000000000000000000f];forum;Album 22 of Marc Ravalomanana
5b72d7624b30342748da8888;[00000000000000000000000f];forum;Album 4 of Abdoulaye Khouma Dia
5b72d7624b30342748da888b;[00000000000000000000000f];forum;Album 1 of Amy Chen
5b72d7624b30342748da888e;[00000000000000000000000f];forum;Album 6 of Amy Chen
5b72d7624b30342748da8891;[00000000000000000000000f];forum;Album 14 of Amy Chen
5b72d7624b30342748da8893;[00000000000000000000000f];forum;Album 20 of Aleksandr Efimkin
5b72d7624b30342748da8896;[00000000000000000000000f];forum;Album 0 of Eric Mettacara
5b72d7624b30342748da8899;[00000000000000000000000f];forum;Album 9 of Gayatri Reddy
5b72d7624b30342748da889b;[00000000000000000000000f];forum;Album 5 of John Reddy
5b72d7624b30342748da889f;[00000000000000000000000f];forum;Album 7 of John Reddy
5b72d7624b30342748da88a2;[00000000000000000000000f];forum;Album 2 of Lei Zhang
5b72d7624b30342748da88a5;[00000000000000000000000f];forum;Album 18 of Djelaludin Zaland
5b72d7624b30342748da88a8;[00000000000000000000000f];forum;Album 13 of Jimmy Burak
5b72d7624b30342748da88ab;[00000000000000000000000f];forum;Album 15 of Adrian Bravo
5b72d7624b30342748da88ae;[00000000000000000000000f];forum;Album 20 of Alejandro Rodriguez
5b72d7624b30342748da88b2;[00000000000000000000000f];forum;Album 5 of Adje van den Berg Vries
5b72d7624b30342748da88b4;[00000000000000000000000f];forum;Album 9 of Abdoulaye Khouma Dia
5b72d7624b30342748da88b7;[00000000000000000000000f];forum;Wall of Albaye Papa Diouf
5b72d7624b30342748da88bb;[00000000000000000000000f];forum;Album 4 of Aleksandr Efimkin
5b72d7624b30342748da88bf;[00000000000000000000000f];forum;Album 25 of Ken Yamada
5b72d7624b30342748da88c0;[00000000000000000000000f];forum;Album 15 of Lei Zhang
5b72d7624b30342748da88c4;[00000000000000000000000f];forum;Album 4 of Neil Murray
5b72d7624b30342748da88c5;[00000000000000000000000f];forum;Album 2 of John Kumar
5b72d7624b30342748da88c9;[00000000000000000000000f];forum;Album 5 of Jose Alonso
5b72d7624b30342748da88cd;[00000000000000000000000f];forum;Album 3 of Abdoulaye Khouma Dia
5b72d7624b30342748da88ce;[00000000000000000000000f];forum;Album 6 of Jan Zakrzewski
5b72d7624b30342748da88d2;[00000000000000000000000f];forum;Album 16 of Ali Abouba
5b72d7624b30342748da88d6;[00000000000000000000000f];forum;Album 13 of Djelaludin Zaland
5b72d7624b30342748da88d8;[00000000000000000000000f];forum;Album 5 of Neil Murray
5b72d7624b30342748da88db;[00000000000000000000000f];forum;Album 0 of Rahul Khan
5b72d7624b30342748da88de;[00000000000000000000000f];forum;Album 19 of Luis Alonso
5b72d7624b30342748da88e2;[00000000000000000000000f];forum;Album 8 of Chen Zhu
5b72d7624b30342748da88e5;[00000000000000000000000f];forum;Album 6 of Marc Ravalomanana
5b72d7624b30342748da88e8;[00000000000000000000000f];forum;Album 30 of Adje van den Berg Vries
5b72d7624b30342748da88eb;[00000000000000000000000f];forum;Album 7 of Tamas Gabor
5b72d7624b30342748da88ee;[00000000000000000000000f];forum;Album 16 of Aleksandr Efimkin
5b72d7624b30342748da88f2;[00000000000000000000000f];forum;Album 6 of K. Sen
5b72d7624b30342748da88f4;[00000000000000000000000f];forum;Album 16 of Alim Guliyev
5b72d7624b30342748da88f7;[00000000000000000000000f];forum;Album 15 of Jan Zakrzewski
5b72d7624b30342748da88fa;[00000000000000000000000f];forum;Album 4 of Ali Ferrer
5b72d7624b30342748da88fd;[00000000000000000000000f];forum;Album 1 of Ali Abouba
5b72d7624b30342748da8900;[00000000000000000000000f];forum;Album 0 of Ayesha Ahmed
5b72d7624b30342748da8903;[00000000000000000000000f];forum;Album 2 of Neil Murray
5b72d7624b30342748da8906;[00000000000000000000000f];forum;Album 10 of Neil Murray
5b72d7624b30342748da8909;[00000000000000000000000f];forum;Album 3 of Jun Li
5b72d7624b30342748da890c;[00000000000000000000000f];forum;Album 22 of Wolfgang Bauer
5b72d7624b30342748da890e;[00000000000000000000000f];forum;Album 0 of Otto Redl
5b72d7624b30342748da8911;[00000000000000000000000f];forum;Album 22 of Anson Chen
5b72d7624b30342748da8914;[00000000000000000000000f];forum;Album 26 of Wolfgang Bauer
5b72d7624b30342748da8916;[00000000000000000000000f];forum;Album 15 of Jae-Jin Park
5b72d7624b30342748da8919;[00000000000000000000000f];forum;Album 1 of Hans Johansson
5b72d7624b30342748da891d;[00000000000000000000000f];forum;Album 24 of Alexei Codreanu
5b72d7624b30342748da8920;[00000000000000000000000f];forum;Wall of Hossein Forouhar
5b72d7624b30342748da892a;[00000000000000000000000f];forum;Album 27 of Baby Yang
5b72d7624b30342748da892e;[00000000000000000000000f];forum;Album 0 of Abdoulaye Khouma Dia
5b72d7624b30342748da8930;[00000000000000000000000f];forum;Album 12 of Aleksandr Efimkin
5b72d7624b30342748da8933;[00000000000000000000000f];forum;Album 17 of Wolfgang Bauer
5b72d7624b30342748da8935;[00000000000000000000000f];forum;Wall of Chen Zhu
5b72d7624b30342748da8939;[00000000000000000000000f];forum;Album 24 of Jae-Jin Park
5b72d7624b30342748da893c;[00000000000000000000000f];forum;Album 0 of Baby Yang
5b72d7624b30342748da893e;[00000000000000000000000f];forum;Album 21 of Baby Yang
5b72d7624b30342748da8942;[00000000000000000000000f];forum;Album 11 of Amy Chen
5b72d7624b30342748da8944;[00000000000000000000000f];forum;Wall of Anson Chen
5b72d7624b30342748da8949;[00000000000000000000000f];forum;Album 11 of K. Sen
5b72d7624b30342748da894c;[00000000000000000000000f];forum;Album 28 of John Kumar
5b72d7624b30342748da894f;[00000000000000000000000f];forum;Album 0 of Wolfgang Bauer
5b72d7624b30342748da8952;[00000000000000000000000f];forum;Wall of Jae-Jin Park
5b72d7624b30342748da8954;[00000000000000000000000f];forum;Wall of Jorge Araujo Castro
5b72d7624b30342748da8958;[00000000000000000000000f];forum;Album 8 of Baby Yang
5b72d7624b30342748da8959;[00000000000000000000000f];forum;Album 23 of Baby Yang
5b72d7624b30342748da895d;[00000000000000000000000f];forum;Album 15 of K. Sen
5b72d7624b30342748da8963;[00000000000000000000000f];forum;Album 0 of Jorge Araujo Castro
5b72d7624b30342748da8966;[00000000000000000000000f];forum;Wall of Eric Mettacara
5b72d7624b30342748da8984;[00000000000000000000000f];forum;Album 2 of Ken Yamada
5b72d7624b30342748da8988;[00000000000000000000000f];forum;Album 14 of Jae-Jin Park
5b72d7624b30342748da898b;[00000000000000000000000f];forum;Album 6 of Hans Johansson
5b72d7624b30342748da898e;[00000000000000000000000f];forum;Album 15 of Alexei Codreanu
5b72d7624b30342748da8992;[00000000000000000000000f];forum;Album 22 of Alexei Codreanu
5b72d7624b30342748da8994;[00000000000000000000000f];forum;Album 26 of Baby Yang
5b72d7624b30342748da8996;[00000000000000000000000f];forum;Album 1 of Ken Yamada
5b72d7624b30342748da899a;[00000000000000000000000f];forum;Wall of R. Sharma
5b72d7624b30342748da899d;[00000000000000000000000f];forum;Wall of Miguel Gonzalez
5b72d7624b30342748da89a2;[00000000000000000000000f];forum;Album 1 of John Kumar
5b72d7624b30342748da89a4;[00000000000000000000000f];forum;Album 18 of John Kumar
5b72d7624b30342748da8a6d;[00000000000000000000000f];forum;Album 21 of Hans Johansson
5b72d7624b30342748da8a74;[00000000000000000000000f];forum;Wall of Evangelos Alkaios
5b72d7624b30342748da8a79;[00000000000000000000000f];forum;Album 8 of Adje van den Berg Vries
5b72d7624b30342748da8a7a;[00000000000000000000000f];forum;Wall of Lei Zhang
5b72d7624b30342748da8a7e;[00000000000000000000000f];forum;Album 24 of Luis Alonso
5b72d7624b30342748da8a82;[00000000000000000000000f];forum;Album 5 of Anson Chen
5b72d7624b30342748da8a84;[00000000000000000000000f];forum;Album 4 of Alexei Feltsman
5b72d7624b30342748da8a88;[00000000000000000000000f];forum;Album 19 of Baby Yang
5b72d7624b30342748da8a8c;[00000000000000000000000f];forum;Album 22 of Aleksandr Efimkin
5b72d7624b30342748da8a8f;[00000000000000000000000f];forum;Album 15 of Jimmy Burak
5b72d7624b30342748da8a93;[00000000000000000000000f];forum;Wall of Rahul Khan
5b72d7624b30342748da8a97;[00000000000000000000000f];forum;Album 24 of John Kumar
5b72d7624b30342748da8a99;[00000000000000000000000f];forum;Album 29 of John Kumar
5b72d7624b30342748da8a9c;[00000000000000000000000f];forum;Wall of Cam Loan
5b72d7624b30342748da8aa0;[00000000000000000000000f];forum;Album 10 of Marc Ravalomanana
5b72d7624b30342748da8aa4;[00000000000000000000000f];forum;Album 23 of Marc Ravalomanana
5b72d7624b30342748da8aa7;[00000000000000000000000f];forum;Wall of Luigi Colombo
5b72d7624b30342748da8aa9;[00000000000000000000000f];forum;Album 7 of Eric Mettacara
5b72d7624b30342748da8aad;[00000000000000000000000f];forum;Album 18 of Eric Mettacara
5b72d7624b30342748da8ab0;[00000000000000000000000f];forum;Album 12 of Ali Abouba
5b72d7624b30342748da8ab3;[00000000000000000000000f];forum;Album 13 of Jae-Jin Park
5b72d7624b30342748da8ab6;[00000000000000000000000f];forum;Album 16 of Hans Johansson
5b72d7624b30342748da8ab9;[00000000000000000000000f];forum;Album 17 of Marc Ravalomanana
5b72d7624b30342748da8abd;[00000000000000000000000f];forum;Album 23 of K. Sen
5b72d7624b30342748da8ac0;[00000000000000000000000f];forum;Album 11 of Jan Zakrzewski
5b72d7624b30342748da8ac4;[00000000000000000000000f];forum;Album 2 of John Reddy
5b72d7624b30342748da8ac8;[00000000000000000000000f];forum;Album 14 of John Reddy
5b72d7624b30342748da8aca;[00000000000000000000000f];forum;Album 4 of Lei Zhang
5b72d7624b30342748da8ace;[00000000000000000000000f];forum;Album 17 of Jimmy Burak
5b72d7624b30342748da8ad2;[00000000000000000000000f];forum;Album 16 of Jorge Araujo Castro
5b72d7624b30342748da8ad4;[00000000000000000000000f];forum;Album 24 of Hans Johansson
5b72d7624b30342748da8ad9;[00000000000000000000000f];forum;Album 16 of Yahya Ould Ahmed El Abdallahi
5b72d7624b30342748da8add;[00000000000000000000000f];forum;Album 1 of Marc Ravalomanana
5b72d7624b30342748da8ae0;[00000000000000000000000f];forum;Album 9 of Eric Mettacara
5b72d7624b30342748da8ae2;[00000000000000000000000f];forum;Album 4 of K. Sen
5b72d7624b30342748da8ae6;[00000000000000000000000f];forum;Album 5 of K. Sen
5b72d7624b30342748da8ae8;[00000000000000000000000f];forum;Album 7 of Jimmy Burak
5b72d7624b30342748da8aec;[00000000000000000000000f];forum;Album 21 of Jimmy Burak
5b72d7624b30342748da8af0;[00000000000000000000000f];forum;Album 16 of Rahul Khan
5b72d7624b30342748da8af2;[00000000000000000000000f];forum;Album 17 of John Kumar
5b72d7624b30342748da8af6;[00000000000000000000000f];forum;Wall of Mirza Kalich Ali
5b72d7624b30342748da8af8;[00000000000000000000000f];forum;Album 0 of Hans Johansson
5b72d7624b30342748da8afc;[00000000000000000000000f];forum;Album 3 of Jose Alonso
5b72d7624b30342748da8b00;[00000000000000000000000f];forum;Group for Augustine_of_Hippo in Hengyang
5b72d7624b30342748da8b03;[00000000000000000000000f];forum;Album 12 of Jimmy Burak
5b72d7624b30342748da8b05;[00000000000000000000000f];forum;Album 2 of Luis Alonso
5b72d7624b30342748da8b09;[00000000000000000000000f];forum;Album 20 of Adrian Bravo
5b72d7624b30342748da8b0d;[00000000000000000000000f];forum;Album 0 of Anson Chen
5b72d7624b30342748da8b10;[00000000000000000000000f];forum;Album 0 of Alfonso Rodriguez
5b72d7624b30342748da8b14;[00000000000000000000000f];forum;Album 10 of Yahya Ould Ahmed El Abdallahi
5b72d7624b30342748da8b18;[00000000000000000000000f];forum;Album 15 of Adje van den Berg Vries
5b72d7624b30342748da8b1c;[00000000000000000000000f];forum;Album 0 of Gayatri Reddy
5b72d7624b30342748da8b1f;[00000000000000000000000f];forum;Album 0 of Ali Abouba
5b72d7624b30342748da8b23;[00000000000000000000000f];forum;Album 2 of Jun Li
5b72d7624b30342748da8b25;[00000000000000000000000f];forum;Album 3 of Chen Zhu
5b72d7624b30342748da8b29;[00000000000000000000000f];forum;Album 15 of Hans Johansson
5b72d7624b30342748da8b2d;[00000000000000000000000f];forum;Album 7 of Alfonso Rodriguez
5b72d7624b30342748da8b2f;[00000000000000000000000f];forum;Album 13 of Ken Yamada
5b72d7624b30342748da8b33;[00000000000000000000000f];forum;Album 19 of Djelaludin Zaland
5b72d7624b30342748da8b36;[00000000000000000000000f];forum;Album 23 of John Kumar
5b72d7624b30342748da8b39;[00000000000000000000000f];forum;Album 3 of Otto Redl
5b72d7624b30342748da8b3d;[00000000000000000000000f];forum;Album 6 of Otto Redl
5b72d7624b30342748da8b41;[00000000000000000000000f];forum;Album 17 of Jae-Jin Park
5b72d7624b30342748da8b44;[00000000000000000000000f];forum;Album 9 of Marc Ravalomanana
5b72d7624b30342748da8b48;[00000000000000000000000f];forum;Album 10 of Tamas Gabor
5b72d7624b30342748da8b4b;[00000000000000000000000f];forum;Album 12 of Tamas Gabor
5b72d7624b30342748da8b4f;[00000000000000000000000f];forum;Album 4 of Gayatri Reddy
5b72d7624b30342748da8b52;[00000000000000000000000f];forum;Album 9 of Jan Zakrzewski
5b72d7624b30342748da8b55;[00000000000000000000000f];forum;Wall of Ali Ferrer
5b72d7624b30342748da8b59;[00000000000000000000000f];forum;Album 3 of Ali Ferrer
5b72d7624b30342748da8b5c;[00000000000000000000000f];forum;Wall of Ayesha Ahmed
5b72d7624b30342748da8b5f;[00000000000000000000000f];forum;Album 1 of Ayesha Ahmed
5b72d7624b30342748da8b62;[00000000000000000000000f];forum;Album 16 of Luis Alonso
5b72d7624b30342748da8b66;[00000000000000000000000f];forum;Album 18 of Luis Alonso
5b72d7624b30342748da8b6a;[00000000000000000000000f];forum;Album 11 of Jun Li
5b72d7624b30342748da8b6d;[00000000000000000000000f];forum;Album 21 of Adrian Bravo
5b72d7624b30342748da8b70;[00000000000000000000000f];forum;Album 1 of Jae-Jin Park
5b72d7624b30342748da8b74;[00000000000000000000000f];forum;Album 15 of Yahya Ould Ahmed El Abdallahi
5b72d7624b30342748da8b77;[00000000000000000000000f];forum;Album 5 of Amy Chen
5b72d7624b30342748da8b7a;[00000000000000000000000f];forum;Album 6 of Gayatri Reddy
5b72d7624b30342748da8b7e;[00000000000000000000000f];forum;Album 15 of Alim Guliyev
5b72d7624b30342748da8b7f;[00000000000000000000000f];forum;Album 7 of Neil Murray
5b72d7624b30342748da8b83;[00000000000000000000000f];forum;Album 14 of Neil Murray
5b72d7624b30342748da8b87;[00000000000000000000000f];forum;Album 11 of Wolfgang Bauer
5b72d7624b30342748da8b89;[00000000000000000000000f];forum;Album 14 of Wolfgang Bauer
5b72d7624b30342748da8b8d;[00000000000000000000000f];forum;Wall of Baby Yang
5b72d7624b30342748da8b90;[00000000000000000000000f];forum;Album 21 of K. Sen
5b72d7624b30342748da8b94;[00000000000000000000000f];forum;Album 5 of Marc Ravalomanana
5b72d7624b30342748da8b97;[00000000000000000000000f];forum;Wall of John Kumar
5b72d7624b30342748da8b9b;[00000000000000000000000f];forum;Album 19 of Marc Ravalomanana
5b72d7624b30342748da8b9e;[00000000000000000000000f];forum;Album 28 of Baby Yang
5b72d7624b30342748da8ba2;[00000000000000000000000f];forum;Wall of Karl Fischer
5b72d7624b30342748da8ba4;[00000000000000000000000f];forum;Wall of Ken Yamada
5b72d7624b30342748da8ba8;[00000000000000000000000f];forum;Album 15 of John Kumar
5b72d7624b30342748da8baa;[00000000000000000000000f];forum;Album 1 of Adrian Bravo
5b72d7624b30342748da8bae;[00000000000000000000000f];forum;Album 29 of Adrian Bravo
5b72d7624b30342748da8bb1;[00000000000000000000000f];forum;Album 15 of Alexei Feltsman
5b72d7624b30342748da8bb5;[00000000000000000000000f];forum;Album 10 of Adje van den Berg Vries
5b72d7624b30342748da8bb8;[00000000000000000000000f];forum;Album 20 of John Kumar
5b72d7624b30342748da8bbc;[00000000000000000000000f];forum;Album 7 of Jae-Jin Park
5b72d7624b30342748da8bbf;[00000000000000000000000f];forum;Album 13 of Alexei Feltsman
5b72d7624b30342748da8bc2;[00000000000000000000000f];forum;Album 4 of John Kumar
5b72d7624b30342748da8bc6;[00000000000000000000000f];forum;Album 3 of Jorge Araujo Castro
5b72d7624b30342748da8bca;[00000000000000000000000f];forum;Album 14 of Jorge Araujo Castro
5b72d7624b30342748da8bcd;[00000000000000000000000f];forum;Album 8 of Alexei Codreanu
5b72d7624b30342748da8bd0;[00000000000000000000000f];forum;Album 15 of Baby Yang
5b72d7624b30342748da8bd4;[00000000000000000000000f];forum;Album 19 of Eric Mettacara
5b72d7624b30342748da8bd6;[00000000000000000000000f];forum;Album 24 of Ken Yamada
5b72d7624b30342748da8bda;[00000000000000000000000f];forum;Wall of Djelaludin Zaland
5b72d7624b30342748da8bdc;[00000000000000000000000f];forum;Album 12 of Luis Alonso
5b72d7624b30342748da8bdf;[00000000000000000000000f];forum;Album 20 of Yahya Ould Ahmed El Abdallahi
5b72d7624b30342748da8be3;[00000000000000000000000f];forum;Album 24 of Adrian Bravo
5b72d7624b30342748da8be7;[00000000000000000000000f];forum;Album 23 of Jae-Jin Park
5b72d7624b30342748da8f6d;[00000000000000000000000f];person;Firefox|K.|female|Sen|61.247.235.24
5b72d7624b30342748da8f72;[00000000000000000000000f];person;Firefox|Marc|female|Ravalomanana|41.204.119.20
5b72d7624b30342748da8f77;[00000000000000000000000f];person;Chrome|Anson|female|Chen|1.83.28.23
5b72d7624b30342748da8f7b;[00000000000000000000000f];person;Safari|John|male|Kumar|27.116.33.147
5b72d7624b30342748da8f7f;[00000000000000000000000f];person;Firefox|Alec|female|Lin|114.198.185.178
5b72d7624b30342748da8f82;[00000000000000000000000f];person;Internet Explorer|Adrian|female|Bravo|189.217.209.55
5b72d7624b30342748da8f86;[00000000000000000000000f];person;Chrome|Karl|female|Fischer|204.79.148.85
5b72d7624b30342748da8f89;[00000000000000000000000f];person;Chrome|John|male|Reddy|61.16.136.118
5b72d7624b30342748da8f8e;[00000000000000000000000f];person;Firefox|Babar|female|Khan|101.50.94.220
5b72d7624b30342748da8f91;[00000000000000000000000f];person;Chrome|Gayatri|male|Reddy|49.33.127.55
5b72d7624b30342748da8f94;[00000000000000000000000f];person;Firefox|Hossein|male|Forouhar|77.245.239.11
5b72d7624b30342748da8f97;[00000000000000000000000f];person;Internet Explorer|Alexei|female|Kahnovich|31.192.109.124
5b72d7624b30342748da8f9a;[00000000000000000000000f];person;Internet Explorer|Alfonso|female|Rodriguez|192.100.158.95
5b72d7624b30342748da8f9f;[00000000000000000000000f];person;Chrome|Celso|male|Oliveira|192.190.31.253
5b72d7624b30342748da8fa1;[00000000000000000000000f];person;Firefox|Alejandro|male|Garcia|189.202.102.202
5b72d7624b30342748da8fa5;[00000000000000000000000f];person;Internet Explorer|Hao|male|Li|14.103.173.183
5b72d7624b30342748da8fa8;[00000000000000000000000f];person;Internet Explorer|Aleksandr|male|Efimkin|31.185.10.92
5b72d7624b30342748da8fab;[00000000000000000000000f];person;Internet Explorer|Yahya Ould Ahmed El|male|Abdallahi|41.188.97.221
5b72d7624b30342748da8fae;[00000000000000000000000f];person;Internet Explorer|Tamas|male|Gabor|81.93.203.7
5b72d7624b30342748da8fb2;[00000000000000000000000f];person;Chrome|Akira|female|Yamamoto|14.192.50.165
5b72d7624b30342748da8fb9;[00000000000000000000000f];person;Firefox|Cam|female|Loan|101.96.12.162
5b72d7624b30342748da8fbd;[00000000000000000000000f];person;Chrome|Deepak|male|Khan|49.12.225.25
5b72d7624b30342748da8fc1;[00000000000000000000000f];person;Firefox|Abdoulaye Khouma|male|Dia|196.1.98.62
5b72d7624b30342748da8fc7;[00000000000000000000000f];person;Firefox|Arjun|female|Singh|59.162.122.243
5b72d7624b30342748da8fcc;[00000000000000000000000f];person;Internet Explorer|Wei|female|Wei|27.112.88.106
5b72d7624b30342748da8fd1;[00000000000000000000000f];person;Internet Explorer|Luis|male|Alonso|196.3.152.116
5b72d7624b30342748da8fd5;[00000000000000000000000f];person;Chrome|Alexei|male|Codreanu|188.138.180.33
5b72d7624b30342748da8fda;[00000000000000000000000f];person;Chrome|Alejandro|male|Rodriguez|148.235.131.43
5b72d7624b30342748da8fe4;[00000000000000000000000f];person;Firefox|Jimmy|female|Burak|197.220.203.36
5b72d7624b30342748da8fe9;[00000000000000000000000f];person;Internet Explorer|R.|female|Sharma|103.1.101.109
5b72d7624b30342748da8fed;[00000000000000000000000f];person;Firefox|Lei|male|Zhang|1.2.2.77
5b72d7624b30342748da8ff2;[00000000000000000000000f];person;Safari|Tissa|male|Perera|103.1.176.97
5b72d7624b30342748da8ff8;[00000000000000000000000f];person;Chrome|Rahul|female|Khan|27.116.34.47
5b72d7624b30342748da8ffc;[00000000000000000000000f];person;Chrome|Chong|male|Zhang|1.4.40.92
5b72d7624b30342748da9001;[00000000000000000000000f];person;Firefox|Neil|female|Murray|41.74.150.41
5b72d7624b30342748da9006;[00000000000000000000000f];person;Firefox|Mirza Kalich|male|Ali|202.92.17.210
5b72d7624b30342748da900a;[00000000000000000000000f];person;Chrome|Chen|female|Zhu|27.144.128.121
5b72d7624b30342748da900f;[00000000000000000000000f];person;Internet Explorer|A.|female|Sen|61.0.61.179
5b72d7624b30342748da9013;[00000000000000000000000f];person;Internet Explorer|Evangelos|male|Alkaios|91.223.132.248
5b72d7624b30342748da9019;[00000000000000000000000f];person;Chrome|Abdul Haris|female|Tobing|58.145.168.54
5b72d7624b30342748da901e;[00000000000000000000000f];person;Internet Explorer|John|male|Khan|27.4.90.237
5b72d7624b30342748da9023;[00000000000000000000000f];person;Internet Explorer|Naresh|male|Singh|103.1.6.79
5b72d7624b30342748da9029;[00000000000000000000000f];person;Internet Explorer|Wojciech|male|Ciesla|31.182.127.125
5b72d7624b30342748da902d;[00000000000000000000000f];person;Firefox|Otto|male|Redl|31.131.151.129
5b72d7624b30342748da9033;[00000000000000000000000f];person;Safari|Ali|female|Ferrer|41.223.177.12
5b72d7624b30342748da9037;[00000000000000000000000f];person;Safari|Ashok|male|Singh|49.206.89.61
5b72d7624b30342748da903b;[00000000000000000000000f];person;Firefox|Francisco|female|Reyes|123.242.207.8
5b72d7624b30342748da903f;[00000000000000000000000f];person;Internet Explorer|Cheng|male|Chen|27.115.85.233
5b72d7624b30342748da9046;[00000000000000000000000f];person;Chrome|Masahiro|male|Sato|27.100.28.190
5b72d7624b30342748da9049;[00000000000000000000000f];person;Firefox|Eric|male|Mettacara|203.215.63.48
5b72d7624b30342748da904f;[00000000000000000000000f];person;Firefox|Hans|female|Johansson|31.209.179.5
5b72d7624b30342748da9054;[00000000000000000000000f];person;Opera|Paul|female|Becker|46.18.61.189
5b72d7624b30342748da9059;[00000000000000000000000f];person;Chrome|Miguel|male|Gonzalez|148.204.226.31
5b72d7624b30342748da905e;[00000000000000000000000f];person;Firefox|Alim|female|Guliyev|91.191.192.127
5b72d7624b30342748da9062;[00000000000000000000000f];person;Chrome|Jan|female|Zakrzewski|31.41.169.140
5b72d7624b30342748da9067;[00000000000000000000000f];person;Chrome|Aleksandr|male|Dobrunov|31.200.250.7
5b72d7624b30342748da906c;[00000000000000000000000f];person;Firefox|Mehmet|female|Koksal|46.154.44.101
5b72d7624b30342748da9071;[00000000000000000000000f];person;Firefox|Adje van den Berg|female|Vries|31.24.165.15
5b72d7624b30342748da9077;[00000000000000000000000f];person;Firefox|Alexei|female|Feltsman|31.192.132.124
5b72d7624b30342748da907c;[00000000000000000000000f];person;Internet Explorer|Djelaludin|male|Zaland|180.222.139.188
5b72d7624b30342748da9080;[00000000000000000000000f];person;Firefox|Jose|male|Pereira|193.136.95.244
5b72d7624b30342748da9084;[00000000000000000000000f];person;Firefox|Ali|female|Achiou|196.29.42.107
5b72d7624b30342748da909f;[00000000000000000000000f];person;Internet Explorer|Ali|male|Abouba|41.203.147.168
5b72d7624b30342748da90a3;[00000000000000000000000f];person;Internet Explorer|Luigi|male|Colombo|31.171.137.117
5b72d7624b30342748da90a5;[00000000000000000000000f];person;Chrome|Cheng|male|Wei|27.121.123.176
5b72d7624b30342748da90a8;[00000000000000000000000f];person;Chrome|Oleg|female|Bazayev|85.159.30.82
5b72d7624b30342748da90ad;[00000000000000000000000f];person;Internet Explorer|Joakim|female|Larsson|31.209.42.207
5b72d7624b30342748da90b0;[00000000000000000000000f];person;Firefox|Jie|male|Yang|27.98.220.136
5b72d7624b30342748da90b3;[00000000000000000000000f];person;Chrome|Ayesha|male|Ahmed|202.4.167.190
5b72d7624b30342748da90b6;[00000000000000000000000f];person;Chrome|Jae-Jin|male|Park|27.35.111.48
5b72d7624b30342748da90b9;[00000000000000000000000f];person;Internet Explorer|Jose|female|Alonso|196.1.135.241
5b72d7624b30342748da90bc;[00000000000000000000000f];person;Internet Explorer|Albaye Papa|female|Diouf|196.1.99.249
5b72d7624b30342748da90bf;[00000000000000000000000f];person;Firefox|Abdul Jamil|female|Qureshi|202.154.231.163
5b72d7624b30342748da90c4;[00000000000000000000000f];person;Firefox|Anatoly|female|Shevchenko|46.149.107.101
5b72d7624b30342748da90c7;[00000000000000000000000f];person;Firefox|Roberto|female|Diaz|186.64.7.5
5b72d7624b30342748da90ca;[00000000000000000000000f];person;Internet Explorer|Baby|male|Yang|27.131.221.93
5b72d7624b30342748da90d3;[00000000000000000000000f];person;Internet Explorer|Wolfgang|male|Bauer|46.21.0.249
5b72d7624b30342748da90d9;[00000000000000000000000f];person;Firefox|Rahul|female|Sharma|49.213.50.238
5b72d7624b30342748da90de;[00000000000000000000000f];person;Internet Explorer|Ken|male|Yamada|27.122.45.252
5b72d7624b30342748da90e2;[00000000000000000000000f];person;Firefox|Fritz|female|Engel|46.17.104.27
5b72d7624b30342748da90e6;[00000000000000000000000f];person;Opera|Jorge|female|Araujo Castro|190.84.38.194
5b72d7624b30342748da90ec;[00000000000000000000000f];person;Firefox|Joseph|male|Sharma|59.185.71.114
5b72d7624b30342748da90f6;[00000000000000000000000f];person;Chrome|Amy|female|Chen|117.53.155.216
5b72d7624b30342748da90fd;[00000000000000000000000f];person;Firefox|John|male|Johnson|24.38.139.231
5b72d7624b30342748da9101;[00000000000000000000000f];person;Internet Explorer|Bryn|male|Davies|31.170.121.115
5b72d7624b30342748da9107;[00000000000000000000000f];person;Chrome|Jun|female|Li|1.29.220.142
5b72d7624b30342748da910b;[00000000000000000000000f];person;Firefox|Otto|male|Richter|31.24.100.159
5b72d7624b30342748da910f;[00000000000000000000000f];person;Firefox|Pablo|female|Bernal|186.0.155.248
